"y1.1","y1.2","y1.3","y1.4","y1.5","y1.6","y2.1","y2.2","y2.3","y2.4","y2.5","y2.6","y2.7","y2.8","y2.9","y2.10","y3.1","y3.2","y4.1","y4.2","y4.3","y4.4","y4.5","y4.6","y4.7","y4.8","y5.1","y5.2","y5.3","y5.4","y5.5"
0,44,0,38,0,18,0,16,2,0,8,5,0,0,69,0,0,100,52,0,0,0,1,45,0,2,97,2,1,0,0
0,0,56,0,36,8,1,0,0,13,85,0,0,0,0,1,16,84,0,0,0,0,71,2,1,26,0,61,0,38,1
1,3,44,1,37,14,1,0,0,15,83,0,0,0,1,0,9,91,3,0,0,0,77,3,2,15,7,57,1,35,0
36,3,10,4,4,43,0,0,17,32,46,0,0,0,5,0,16,84,8,0,0,0,12,39,37,4,20,59,0,21,0
36,0,2,0,0,62,0,0,27,25,46,0,2,0,0,0,26,74,6,0,0,0,0,48,46,0,23,58,3,16,0
4,1,51,0,36,8,1,0,1,23,74,0,0,0,0,1,11,89,0,0,0,0,76,3,0,21,1,64,0,35,0
0,35,0,53,0,12,0,10,0,0,7,2,0,0,81,0,0,100,47,6,0,0,0,47,0,0,100,0,0,0,0
3,35,0,44,0,18,0,11,0,2,11,3,0,0,73,0,2,98,41,3,0,0,0,55,1,0,99,1,0,0,0
6,30,0,38,0,26,0,3,7,12,17,3,0,0,58,0,1,99,29,2,0,0,0,55,13,1,83,15,0,2,0
20,2,25,2,13,38,0,1,8,28,53,0,0,0,10,0,14,86,5,0,0,0,25,34,23,13,18,53,4,25,0
25,0,25,0,19,31,0,0,12,31,57,0,0,0,0,0,9,91,4,0,0,0,36,21,21,18,8,62,1,29,0
0,11,29,20,32,8,1,3,0,9,65,2,0,0,19,1,6,94,16,2,0,1,46,11,0,24,24,43,2,31,0
1,32,0,54,0,13,0,8,1,0,18,2,0,0,71,0,0,100,47,5,0,0,0,48,0,0,98,0,2,0,0
0,0,62,0,29,9,0,0,0,25,75,0,0,0,0,0,13,87,0,0,0,2,57,5,3,33,0,60,0,40,0
6,0,43,0,24,27,1,0,7,17,75,0,0,0,0,0,12,88,0,0,0,0,47,12,10,31,4,69,0,27,0
0,13,25,37,10,15,0,9,0,16,35,3,0,0,37,0,11,89,29,2,0,0,22,35,2,10,66,23,2,9,0
0,1,57,0,35,7,0,0,0,25,75,0,0,0,0,0,12,88,0,0,0,0,70,3,3,24,1,58,0,41,0
0,24,2,49,0,25,0,12,0,1,11,4,0,0,72,0,0,100,48,5,0,0,2,43,2,0,90,5,4,1,0
0,1,59,0,31,9,1,0,0,22,76,0,0,0,0,1,9,91,0,0,0,0,75,1,3,21,0,69,0,31,0
1,39,0,43,0,17,0,10,1,0,12,4,0,0,73,0,2,98,43,1,0,0,0,56,0,0,99,0,1,0,0
0,38,0,48,0,14,0,9,1,0,10,5,0,0,75,0,0,100,52,0,0,0,0,48,0,0,95,1,4,0,0
0,36,0,44,1,19,0,12,2,0,11,4,0,0,71,0,0,100,53,3,0,0,2,42,0,0,93,2,4,1,0
40,1,6,0,6,47,0,0,25,24,51,0,0,0,0,0,17,83,3,0,0,0,6,45,44,2,21,65,2,12,0
22,0,0,0,0,78,0,0,26,24,50,0,0,0,0,0,19,81,7,0,0,0,0,42,50,1,29,54,7,10,0
9,0,38,0,29,24,0,0,11,30,59,0,0,0,0,0,16,84,0,1,0,0,54,16,9,20,6,58,0,36,0
31,0,0,0,0,69,0,0,27,26,47,0,0,0,0,0,6,94,4,0,0,0,0,52,42,2,20,56,3,21,0
41,0,0,0,0,59,0,0,35,31,34,0,0,0,0,0,18,82,3,0,0,0,0,52,44,1,23,59,0,18,0
41,0,0,0,0,59,0,0,24,27,49,0,0,0,0,0,14,86,4,0,0,0,0,42,53,1,29,59,1,11,0
0,34,0,54,0,12,0,13,0,0,12,2,0,1,72,0,0,100,53,1,0,0,0,46,0,0,98,0,2,0,0
36,0,0,0,0,64,0,0,30,26,44,0,0,0,0,0,8,92,3,0,0,0,1,49,47,0,16,58,4,22,0
0,1,58,0,29,12,1,0,0,21,77,0,0,0,0,1,8,92,0,1,0,1,62,5,2,29,0,67,0,33,0
39,0,1,0,0,60,0,0,26,24,50,0,0,0,0,0,15,85,6,0,0,0,3,41,49,1,16,61,1,22,0
0,20,30,22,17,11,0,8,1,8,40,2,0,0,41,0,5,95,25,3,0,0,38,25,0,9,52,30,2,15,1
19,14,0,26,0,41,0,7,18,14,25,1,0,0,35,0,10,90,27,0,0,0,0,46,27,0,58,29,3,10,0
0,37,0,48,0,15,0,8,0,0,10,3,0,0,79,0,0,100,40,0,0,0,0,60,0,0,97,0,3,0,0
1,10,23,23,32,11,1,2,0,17,58,0,0,0,22,0,5,95,16,1,0,0,43,21,3,16,39,40,1,20,0
28,0,2,0,2,68,0,0,23,30,47,0,0,0,0,0,16,84,4,0,0,0,3,54,38,1,19,67,0,14,0
29,0,0,0,0,71,0,0,29,27,42,0,0,0,2,0,10,90,2,0,0,0,0,46,51,1,29,43,6,22,0
0,38,2,44,0,16,0,10,1,1,14,3,0,0,71,0,0,100,44,2,0,0,3,51,0,0,94,5,1,0,0
1,20,17,38,12,12,0,4,0,6,29,1,0,0,60,0,5,95,23,1,0,2,21,42,1,10,57,26,0,17,0
0,0,56,0,36,8,1,0,0,18,81,0,0,0,0,0,9,91,0,1,0,1,79,0,0,19,0,67,0,33,0
16,9,26,11,10,28,1,0,13,22,53,0,0,0,11,0,12,88,8,0,0,0,27,32,27,6,19,54,3,24,0
0,27,25,26,11,11,0,4,0,11,44,1,0,1,39,0,4,96,29,0,0,0,24,35,1,11,64,21,1,14,0
1,25,18,40,9,7,0,4,0,4,27,2,0,0,63,0,4,96,30,2,0,1,16,44,2,5,63,28,1,8,0
0,1,49,2,39,9,0,0,0,19,76,1,0,0,4,0,19,81,0,1,0,0,55,7,1,36,2,53,0,45,0
0,30,24,23,11,12,1,7,1,6,28,0,0,0,57,0,2,98,43,2,0,0,22,26,1,6,59,27,0,14,0
0,0,64,0,28,8,2,0,0,24,74,0,0,0,0,0,8,92,0,1,0,1,70,2,3,23,0,59,0,41,0
0,1,50,2,37,10,0,0,0,19,77,0,0,0,3,1,10,90,5,1,0,0,72,4,0,18,11,58,0,31,0
10,27,0,38,0,25,0,7,5,9,21,3,0,0,55,0,7,93,35,1,0,0,1,49,14,0,78,16,2,4,0
1,34,0,49,0,16,0,11,1,1,9,2,0,0,76,0,0,100,43,0,0,0,0,52,4,1,91,4,4,1,0
22,10,5,15,3,45,0,8,15,19,37,1,0,0,20,0,11,89,17,0,0,0,8,47,22,6,43,36,2,18,1
21,4,20,10,19,26,0,3,9,22,56,0,0,0,9,1,9,91,4,0,0,0,29,29,25,13,22,45,2,31,0
0,1,51,0,39,9,0,0,0,22,77,0,0,0,0,1,16,84,0,1,0,1,64,2,3,29,0,55,0,45,0
0,40,0,50,0,10,0,8,0,0,6,2,0,0,84,0,0,100,44,3,0,0,0,53,0,0,95,0,5,0,0
13,0,38,0,23,26,1,0,14,17,68,0,0,0,0,0,14,86,1,1,0,1,44,10,20,23,5,64,0,31,0
0,1,61,0,33,5,1,0,0,27,72,0,0,0,0,0,9,91,0,0,0,0,65,3,1,31,0,61,0,39,0
2,40,2,40,0,16,0,7,0,4,12,4,0,0,73,0,2,98,41,1,0,0,0,54,4,0,91,4,5,0,0
0,2,61,0,28,9,0,0,0,24,76,0,0,0,0,0,6,94,0,1,0,1,64,4,0,30,0,67,0,33,0
0,0,50,0,42,8,1,0,0,24,74,0,0,0,0,1,14,86,0,0,0,2,62,5,2,29,0,63,0,36,1
0,1,55,0,35,9,0,0,0,27,71,0,0,0,1,1,17,83,0,0,0,1,61,3,1,34,0,56,0,44,0
1,31,0,44,0,24,0,7,0,0,12,4,0,0,77,0,0,100,55,2,0,0,0,42,1,0,99,0,1,0,0
0,1,53,0,32,14,0,0,0,29,71,0,0,0,0,0,11,89,0,0,0,0,67,4,3,26,0,67,0,33,0
6,21,5,40,1,27,0,7,7,5,20,3,0,0,58,0,4,96,44,0,0,0,2,46,7,1,79,12,2,7,0
12,24,0,43,0,21,0,15,11,4,20,0,1,0,49,0,5,95,30,1,0,0,0,55,14,0,75,18,0,7,0
34,1,12,1,3,49,0,1,23,32,35,0,0,1,8,0,11,89,5,1,0,0,6,52,31,5,22,59,4,15,0
0,32,0,55,0,13,0,18,0,0,12,0,0,0,70,0,1,99,46,2,0,1,0,46,3,2,97,2,0,1,0
1,4,42,3,39,11,0,0,1,11,77,0,0,0,10,1,11,89,6,4,0,2,55,7,2,24,10,55,1,34,0
33,0,5,0,7,55,1,0,21,31,47,0,0,0,0,0,16,84,4,0,0,0,9,43,38,6,11,60,5,24,0
48,0,0,0,0,52,0,0,29,25,46,0,0,0,0,0,21,79,1,0,0,0,0,52,45,2,22,65,5,8,0
0,0,55,0,35,10,2,0,1,23,72,0,0,0,0,2,11,89,0,3,0,1,61,2,3,30,1,64,0,35,0
33,0,8,1,4,54,1,0,33,19,46,0,0,0,1,0,12,88,6,0,0,0,8,38,43,5,11,74,0,15,0
35,1,0,2,0,62,0,0,24,31,40,0,0,0,5,0,16,84,2,1,0,0,0,53,44,0,36,49,0,15,0
0,37,0,57,0,6,0,11,1,0,7,3,0,0,78,0,0,100,48,3,0,0,0,49,0,0,96,0,4,0,0
1,42,0,47,0,10,0,18,0,0,10,1,0,0,71,0,0,100,50,1,0,0,0,49,0,0,97,0,3,0,0
0,6,46,10,27,11,0,5,0,16,64,0,0,0,15,0,13,87,6,2,0,0,50,16,1,25,18,51,0,31,0
0,1,50,0,35,14,0,0,0,16,84,0,0,0,0,0,12,88,0,0,0,1,62,3,0,34,0,62,0,38,0
2,19,13,36,10,20,0,11,0,9,26,2,0,0,52,0,3,97,30,3,0,0,21,39,2,5,69,23,1,7,0
1,25,0,56,0,18,0,10,1,0,7,3,0,1,78,0,0,100,46,1,0,0,0,53,0,0,99,0,1,0,0
19,23,0,25,0,33,0,2,14,12,28,1,0,0,43,0,5,95,20,3,0,0,0,58,19,0,71,22,4,3,0
0,7,42,4,37,10,0,3,0,18,65,0,0,0,12,2,13,87,5,2,0,0,59,11,0,23,15,52,0,33,0
52,0,0,0,0,48,0,0,39,19,42,0,0,0,0,0,20,80,2,0,0,0,0,43,54,1,20,56,0,24,0
0,37,0,47,0,16,0,11,0,0,13,2,0,1,73,0,0,100,43,3,0,0,0,54,0,0,99,0,1,0,0
36,0,0,0,0,64,0,0,29,24,47,0,0,0,0,0,17,83,5,0,0,0,0,39,55,1,22,55,7,15,1
43,0,0,0,0,57,0,0,27,29,44,0,0,0,0,0,15,85,3,0,0,0,0,57,38,2,19,62,2,17,0
0,20,23,33,15,9,1,10,0,9,43,1,0,0,36,0,2,98,22,3,0,0,35,26,1,13,58,21,1,20,0
0,0,56,0,33,11,1,0,0,21,77,0,0,0,1,0,9,91,0,0,0,0,72,0,2,26,0,60,0,40,0
1,2,40,0,36,21,1,0,2,24,73,0,0,0,0,0,13,87,0,0,0,1,64,7,5,23,3,66,0,31,0
37,0,0,0,1,62,0,0,27,25,47,0,1,0,0,0,12,88,4,0,0,0,0,51,44,1,18,60,0,22,0
0,36,7,37,7,13,0,8,1,4,17,1,0,0,69,0,0,100,38,1,0,0,8,49,0,4,85,9,2,4,0
0,31,7,41,4,17,0,9,2,5,18,2,0,0,64,0,3,97,42,3,0,0,8,41,2,4,89,10,0,1,0
0,11,46,3,30,10,0,3,0,13,69,0,0,0,14,1,8,92,3,3,0,2,48,16,1,27,16,46,0,38,0
0,2,61,2,28,7,0,2,0,23,72,0,0,0,3,0,9,91,5,1,0,0,64,6,2,22,8,58,0,34,0
10,24,0,29,0,37,0,10,12,7,22,1,0,0,48,0,2,98,29,0,0,0,0,56,15,0,70,20,2,8,0
1,2,47,2,34,14,0,2,0,19,72,0,0,0,7,0,10,90,2,1,0,0,66,4,1,26,7,49,0,44,0
2,33,0,48,0,17,0,10,0,2,18,0,0,0,70,0,1,99,51,0,0,0,0,47,2,0,99,0,1,0,0
2,35,0,45,0,18,0,8,2,4,10,5,0,0,71,0,0,100,42,1,0,0,1,51,4,1,93,4,1,2,0
2,26,0,53,0,19,0,15,4,2,12,2,0,0,65,0,0,100,42,1,0,0,0,55,2,0,93,3,4,0,0
0,0,58,0,31,11,0,0,0,21,79,0,0,0,0,0,8,92,0,0,0,0,77,1,0,22,0,55,0,44,1
0,22,34,19,16,9,0,7,0,13,42,0,0,0,38,0,3,97,27,2,0,0,24,30,1,16,44,35,1,20,0
0,1,46,0,36,17,2,0,0,24,74,0,0,0,0,0,8,92,0,4,0,1,71,1,0,23,0,64,0,35,1
31,0,1,0,0,68,0,0,35,37,28,0,0,0,0,0,13,87,6,0,0,0,0,51,42,1,18,59,2,21,0
29,0,11,0,14,46,0,0,15,29,56,0,0,0,0,0,20,80,4,0,0,0,17,35,32,12,11,70,1,18,0
0,27,0,64,0,9,0,9,0,0,12,3,0,0,76,0,0,100,50,3,0,0,0,45,2,0,96,0,4,0,0
0,4,48,7,33,8,0,2,0,24,68,0,0,0,4,2,14,86,0,0,0,0,63,7,2,28,11,54,0,35,0
0,6,38,16,24,16,3,1,0,7,63,2,0,0,24,0,8,92,11,1,0,0,47,17,1,23,32,53,1,14,0
0,32,9,44,3,12,0,9,0,1,21,3,0,0,66,0,0,100,42,3,0,0,8,44,0,3,87,7,4,2,0
40,0,0,0,0,60,0,0,25,30,43,0,2,0,0,0,11,89,5,0,0,0,0,54,39,2,27,54,2,17,0
0,2,63,0,22,13,0,0,0,22,78,0,0,0,0,0,8,92,0,0,0,0,73,3,4,20,0,63,0,37,0
1,36,0,51,0,12,0,14,0,0,5,0,0,0,81,0,0,100,47,3,0,0,0,49,1,0,96,0,3,1,0
0,31,0,59,0,10,0,9,0,0,17,3,0,0,71,0,0,100,47,0,0,0,0,53,0,0,97,0,3,0,0
0,0,47,0,42,11,0,0,0,18,82,0,0,0,0,0,10,90,0,1,0,1,74,3,0,21,0,67,0,32,1
43,0,0,0,0,57,0,0,26,31,43,0,0,0,0,0,18,82,3,0,0,0,0,47,47,3,18,58,4,20,0
0,4,46,5,36,9,0,3,1,18,69,0,0,0,8,1,8,92,9,0,0,0,63,3,1,24,21,42,0,36,1
0,1,60,0,32,7,3,0,0,20,77,0,0,0,0,0,10,90,0,0,0,0,71,4,0,25,0,71,0,29,0
35,5,0,9,0,51,0,3,22,26,36,1,0,0,12,0,14,86,13,0,0,0,0,44,43,0,37,42,3,18,0
33,6,0,4,0,57,0,1,30,17,41,0,0,0,11,0,23,77,17,0,0,0,0,47,36,0,28,54,4,14,0
1,32,0,51,0,16,0,14,0,0,10,2,0,0,74,0,1,99,43,2,0,0,0,50,5,0,95,3,1,1,0
0,43,0,43,0,14,0,8,0,0,11,2,0,0,79,0,0,100,51,0,0,0,0,49,0,0,100,0,0,0,0
0,30,0,52,0,18,0,8,1,0,6,3,0,0,82,0,0,100,57,1,0,0,1,40,1,0,95,2,2,1,0
28,3,1,4,2,62,0,1,26,21,43,1,0,0,8,0,18,82,11,0,0,0,1,48,36,4,37,49,0,14,0
0,0,60,2,35,3,0,1,0,21,77,0,0,0,1,0,9,91,1,0,0,1,66,4,4,24,2,61,0,37,0
1,32,0,55,0,12,0,7,0,0,11,3,0,0,79,0,0,100,49,4,0,0,0,47,0,0,94,1,5,0,0
1,1,55,0,30,13,0,0,1,22,77,0,0,0,0,0,15,85,0,0,0,0,74,1,2,23,1,65,0,34,0
2,35,4,36,3,20,0,10,3,5,13,0,0,0,69,0,1,99,42,3,0,1,2,46,2,4,85,10,0,5,0
28,7,1,16,0,48,0,3,21,15,38,0,0,0,23,0,16,84,22,3,0,0,0,43,32,0,43,46,2,9,0
0,1,53,0,36,10,0,0,0,28,72,0,0,0,0,0,18,82,0,0,0,1,64,1,4,30,1,60,0,39,0
0,32,1,54,1,12,0,8,0,1,7,3,0,0,81,0,0,100,41,0,0,0,0,58,0,1,96,0,4,0,0
0,32,3,49,5,11,0,13,1,2,21,5,0,0,58,0,1,99,42,1,0,0,3,52,0,2,92,6,1,1,0
17,2,21,2,22,36,0,0,8,24,68,0,0,0,0,0,12,88,2,0,0,0,31,29,22,16,18,62,1,19,0
36,0,0,0,0,64,0,0,40,17,43,0,0,0,0,0,16,84,7,0,0,0,0,52,41,0,22,57,3,18,0
13,0,39,0,25,23,1,0,7,25,67,0,0,0,0,0,8,92,1,0,0,0,52,15,15,17,6,60,1,33,0
0,36,0,51,0,13,0,6,0,0,9,3,0,1,81,0,0,100,50,2,0,0,0,48,0,0,98,0,2,0,0
27,0,16,0,12,45,2,1,17,20,60,0,0,0,0,0,18,82,3,0,0,0,21,34,33,9,13,58,1,28,0
21,13,0,18,0,48,0,4,23,17,24,1,1,0,30,0,5,95,19,0,0,0,0,51,30,0,53,38,1,8,0
0,35,0,45,0,20,0,12,0,0,9,4,0,0,75,0,0,100,51,1,0,0,0,48,0,0,97,0,3,0,0
0,5,52,7,26,10,1,1,0,20,68,0,0,0,10,0,8,92,7,2,0,1,50,13,4,23,13,56,0,31,0
0,32,20,38,2,8,1,10,0,6,29,1,0,1,52,0,0,100,34,2,0,1,15,38,2,8,78,9,2,11,0
0,34,0,46,0,20,0,17,0,0,9,2,0,0,72,0,0,100,48,0,0,0,0,52,0,0,96,1,3,0,0
20,21,1,25,0,33,0,8,11,12,20,4,0,0,45,0,4,96,32,0,0,0,0,50,18,0,67,28,1,4,0
4,30,0,45,0,21,0,9,3,2,9,4,0,0,73,0,1,99,40,1,0,0,0,56,3,0,97,0,1,2,0
0,20,26,23,19,12,1,10,0,7,47,1,0,0,34,0,10,90,16,1,0,0,40,27,0,16,49,32,2,17,0
1,0,54,0,33,12,1,0,1,27,70,0,0,0,0,1,6,94,0,1,0,0,65,4,5,25,1,59,0,40,0
2,0,60,0,27,11,1,0,1,24,73,0,0,0,0,1,16,84,0,0,0,0,75,3,4,18,0,63,0,37,0
0,0,49,0,45,6,1,0,0,39,58,0,0,0,0,2,13,87,0,0,0,0,70,2,2,26,0,65,0,35,0
47,0,0,0,0,53,0,0,28,25,47,0,0,0,0,0,22,78,4,0,0,0,0,51,43,2,18,67,0,14,1
26,1,22,0,13,38,0,0,20,26,53,0,0,0,0,1,11,89,2,1,0,1,31,33,22,10,7,67,1,25,0
3,38,0,46,0,13,0,10,0,0,10,4,0,0,76,0,0,100,51,1,0,0,0,47,1,0,93,4,2,1,0
0,29,0,58,0,13,0,10,0,0,8,0,0,0,82,0,1,99,45,5,0,0,0,50,0,0,96,0,4,0,0
11,2,49,0,17,21,0,0,5,19,74,0,0,0,2,0,7,93,1,0,0,0,59,11,4,25,6,67,0,26,1
5,45,1,33,0,16,0,7,3,8,11,2,0,0,69,0,0,100,40,1,0,0,0,51,8,0,87,8,1,4,0
43,0,1,0,0,56,0,0,28,25,47,0,0,0,0,0,18,82,3,0,0,0,0,53,44,0,23,57,9,11,0
1,40,0,39,4,16,0,15,0,0,11,3,0,0,71,0,0,100,48,2,0,1,3,43,1,2,97,1,2,0,0
0,0,62,0,32,6,1,0,0,18,81,0,0,0,0,0,13,87,0,1,0,0,73,0,3,23,0,58,0,42,0
49,0,0,0,0,51,0,0,26,22,52,0,0,0,0,0,24,76,7,0,0,0,0,39,54,0,20,57,4,19,0
44,0,0,0,0,56,0,1,34,28,37,0,0,0,0,0,15,85,3,0,0,0,0,54,42,1,15,62,2,21,0
3,15,22,30,19,11,0,8,0,11,42,0,0,0,39,0,5,95,27,2,0,0,31,27,3,10,53,29,1,17,0
0,41,0,45,0,14,0,10,2,0,9,2,0,0,77,0,0,100,51,0,0,0,0,49,0,0,97,0,3,0,0
39,0,2,0,0,59,0,0,27,32,41,0,0,0,0,0,15,85,7,0,0,0,0,50,40,3,22,60,4,14,0
0,29,4,54,1,12,0,14,0,2,9,4,0,0,71,0,0,100,47,2,0,0,2,48,0,1,96,0,2,2,0
0,0,58,0,34,8,0,0,0,26,74,0,0,0,0,0,12,88,0,0,0,0,71,3,2,24,2,62,0,36,0
0,0,56,0,32,12,1,0,0,16,82,0,0,0,0,1,13,87,0,0,0,0,71,3,2,24,0,62,0,38,0
35,1,0,0,0,64,0,0,34,30,36,0,0,0,0,0,15,85,8,0,0,0,0,46,45,1,17,66,3,14,0
0,14,25,35,9,17,0,9,0,12,36,0,0,0,43,0,4,96,24,3,0,1,27,28,8,9,56,25,0,19,0
0,1,48,0,37,14,2,0,0,26,71,0,0,0,0,1,10,90,0,1,0,0,66,0,1,32,0,55,0,44,1
6,20,29,14,13,18,0,2,8,18,51,0,0,0,21,0,5,95,26,0,0,1,36,18,7,12,39,32,1,28,0
39,0,0,0,0,61,0,0,33,27,40,0,0,0,0,0,14,86,2,0,0,0,0,59,39,0,25,58,1,16,0
40,0,1,0,0,59,0,0,30,27,43,0,0,0,0,0,15,85,2,0,0,0,0,58,40,0,29,43,2,26,0
0,0,51,0,34,15,1,0,0,15,81,0,0,0,1,2,10,90,0,2,0,0,67,0,2,29,0,59,0,41,0
18,2,26,1,20,33,0,0,15,27,53,1,0,0,4,0,8,92,4,0,0,0,33,27,26,10,17,51,3,29,0
0,2,43,13,26,16,3,5,0,13,59,2,0,0,18,0,7,93,9,0,0,0,58,15,0,18,18,57,1,23,1
1,35,0,50,1,13,0,10,0,1,15,2,0,0,72,0,1,99,50,3,0,0,0,47,0,0,95,0,5,0,0
21,0,22,0,21,36,0,0,9,27,63,0,0,0,1,0,19,81,1,0,0,0,37,26,19,17,10,66,4,20,0
40,1,0,0,0,59,0,0,19,26,54,0,1,0,0,0,20,80,5,0,0,0,0,53,41,1,22,57,4,17,0
35,0,0,0,0,65,0,0,28,27,45,0,0,0,0,0,14,86,6,0,0,0,0,47,46,1,21,64,2,13,0
0,28,0,60,0,12,0,11,1,0,11,1,0,0,76,0,0,100,52,2,0,0,0,46,0,0,97,0,3,0,0
0,26,0,55,0,19,0,9,1,0,10,4,0,0,76,0,0,100,44,3,0,0,0,53,0,0,98,0,2,0,0
2,32,0,51,2,13,0,7,1,1,9,4,0,0,78,0,2,98,41,3,0,0,3,52,0,1,96,1,1,2,0
5,2,47,0,28,18,0,0,5,21,72,1,0,0,0,1,9,91,2,0,0,0,62,12,10,14,3,62,0,35,0
36,1,2,3,1,57,0,1,30,18,40,0,0,0,11,0,17,83,3,0,0,0,2,57,38,0,24,56,3,17,0
3,18,23,19,20,17,0,5,0,11,56,0,0,0,28,0,6,94,23,0,0,0,35,26,4,12,35,41,0,24,0
6,26,0,51,0,17,0,8,2,1,9,2,0,0,78,0,3,97,48,3,0,0,0,45,4,0,87,9,1,3,0
39,0,0,3,0,58,0,0,27,26,44,0,1,0,2,0,17,83,7,0,0,0,0,41,51,1,21,54,2,23,0
0,35,0,52,0,13,0,14,0,0,9,4,0,0,73,0,0,100,45,0,0,0,0,55,0,0,94,1,5,0,0
17,1,29,1,28,24,1,0,9,27,62,0,0,0,1,0,11,89,4,0,0,2,43,19,10,22,8,66,0,26,0
2,0,50,0,34,14,2,0,1,20,77,0,0,0,0,0,8,92,0,2,0,2,70,2,1,23,1,71,0,28,0
0,38,0,52,0,10,0,16,0,0,8,3,0,0,73,0,0,100,48,3,0,1,0,48,0,0,95,0,5,0,0
0,0,60,0,30,10,1,0,0,19,80,0,0,0,0,0,13,87,0,0,0,0,70,2,1,27,0,69,0,31,0
0,1,61,0,30,8,0,0,0,25,75,0,0,0,0,0,8,92,0,0,0,0,66,2,0,32,0,58,0,42,0
0,37,0,42,0,21,0,13,0,0,13,1,0,0,73,0,0,100,53,2,0,0,0,45,0,0,94,0,6,0,0
0,19,21,38,8,14,1,4,0,10,30,1,0,0,54,0,4,96,38,1,0,0,20,30,0,11,75,18,1,6,0
30,11,0,19,0,40,0,6,13,21,37,2,0,0,21,0,16,84,23,1,0,0,0,51,24,1,53,34,2,11,0
1,36,0,47,0,16,0,13,0,0,10,2,0,0,75,0,0,100,54,0,0,0,0,46,0,0,97,0,3,0,0
21,0,33,1,10,35,0,0,16,24,60,0,0,0,0,0,15,85,0,0,0,0,27,37,26,10,13,65,1,21,0
24,15,0,18,0,43,0,8,11,17,28,0,0,1,35,0,11,89,18,1,0,0,0,51,29,1,61,29,2,8,0
39,1,8,0,3,49,0,0,23,27,50,0,0,0,0,0,18,82,6,0,0,0,3,42,45,4,21,65,1,13,0
33,0,0,0,0,67,0,0,28,31,38,0,0,0,3,0,14,86,7,0,0,0,0,53,39,1,20,53,6,21,0
31,3,1,1,0,64,0,2,24,24,41,0,0,0,9,0,19,81,8,0,0,0,1,40,49,2,15,66,5,14,0
20,16,0,34,0,30,0,7,12,14,26,2,0,0,39,0,7,93,28,2,0,0,0,48,22,0,51,40,3,6,0
38,0,0,0,0,62,0,0,31,24,43,0,0,0,2,0,20,80,4,0,0,0,0,52,43,1,23,59,3,15,0
0,36,6,44,6,8,1,5,0,6,21,3,0,0,64,0,2,98,39,0,0,1,13,41,1,5,76,12,0,12,0
0,37,0,46,0,17,0,10,0,0,9,2,0,0,79,0,0,100,52,4,0,0,0,44,0,0,97,0,3,0,0
0,37,0,50,0,13,0,13,0,0,9,1,0,0,77,0,0,100,48,4,0,0,0,48,0,0,97,0,3,0,0
0,1,47,0,38,14,1,0,0,32,64,0,0,0,3,0,9,91,3,0,0,0,72,2,1,22,7,62,0,31,0
0,34,5,43,8,10,0,8,0,2,18,3,0,1,68,0,2,98,30,3,0,0,12,46,0,9,86,9,2,3,0
23,12,6,27,4,28,0,6,9,12,38,2,0,0,32,1,14,86,23,1,0,0,8,43,23,2,61,25,3,11,0
32,0,0,0,0,68,0,0,25,35,38,0,0,0,2,0,18,82,8,0,0,0,0,57,35,0,22,62,6,10,0
0,0,59,0,31,10,0,0,1,20,79,0,0,0,0,0,11,89,0,1,0,0,67,4,1,27,0,51,0,49,0
2,0,48,0,38,12,1,0,0,21,78,0,0,0,0,0,10,90,0,2,0,0,65,6,5,22,1,57,0,42,0
0,20,18,22,20,20,0,7,0,11,41,1,0,0,40,0,8,92,24,0,0,2,32,31,1,10,57,24,2,17,0
1,35,0,50,0,14,0,15,0,1,6,0,0,0,78,0,1,99,53,1,0,0,0,46,0,0,97,1,1,1,0
25,8,2,16,1,48,0,2,22,18,43,1,0,0,14,0,11,89,19,0,0,0,2,46,30,3,37,45,4,14,0
19,3,24,5,19,30,0,0,15,14,65,0,0,0,6,0,16,84,3,0,0,0,39,21,18,19,13,66,4,17,0
39,0,0,0,0,61,0,0,28,36,36,0,0,0,0,0,9,91,4,0,0,0,0,44,51,1,19,55,2,24,0
32,9,0,7,0,52,0,4,17,25,32,2,0,0,20,0,6,94,17,1,0,0,0,47,34,1,47,38,3,12,0
36,13,0,20,0,31,0,3,23,12,25,2,0,0,35,0,6,94,19,2,0,0,0,45,34,0,62,29,0,9,0
0,1,59,0,31,9,1,0,0,19,80,0,0,0,0,0,7,93,0,0,0,2,65,3,3,27,0,64,0,36,0
1,36,0,45,0,18,0,10,0,0,12,4,0,0,74,0,0,100,50,0,0,1,0,49,0,0,97,0,3,0,0
1,36,0,50,0,13,0,10,1,0,12,2,0,0,75,0,0,100,48,2,0,0,0,50,0,0,97,0,3,0,0
48,0,0,0,0,52,0,0,25,30,44,1,0,0,0,0,17,83,6,0,0,0,0,49,45,0,12,68,1,19,0
1,0,48,2,36,13,0,0,1,12,87,0,0,0,0,0,13,87,0,0,0,2,59,3,0,36,1,63,0,36,0
33,0,0,1,0,66,0,0,30,27,43,0,0,0,0,0,17,83,6,0,0,0,0,40,52,2,24,49,5,22,0
2,8,38,10,25,17,0,1,5,22,58,0,0,0,14,0,8,92,13,0,0,0,54,13,5,15,28,42,0,30,0
0,30,0,56,0,14,0,12,1,0,6,2,0,0,79,0,0,100,42,2,0,0,0,56,0,0,97,0,3,0,0
40,0,0,1,0,59,0,0,25,34,40,0,1,0,0,0,21,79,3,0,0,0,0,45,51,1,22,57,1,20,0
0,37,0,53,0,10,0,5,1,0,8,1,0,0,85,0,0,100,50,4,0,0,0,46,0,0,99,0,1,0,0
0,42,0,45,0,13,0,5,0,0,7,4,0,0,84,0,0,100,43,5,0,0,0,52,0,0,98,0,2,0,0
5,0,54,0,27,14,0,0,4,20,75,0,0,0,0,1,9,91,0,2,0,0,65,6,5,22,3,54,0,43,0
8,1,36,0,36,19,3,0,8,24,65,0,0,0,0,0,10,90,2,2,0,0,57,9,9,21,4,61,0,35,0
0,30,0,50,0,20,0,11,3,1,11,0,0,0,74,0,3,97,51,1,0,0,0,45,3,0,96,1,1,2,0
38,0,4,0,1,57,0,0,34,22,44,0,0,0,0,0,16,84,5,0,0,0,3,40,47,5,20,63,5,12,0
1,33,0,51,0,15,0,12,1,0,9,0,0,0,78,0,0,100,41,4,0,0,0,54,1,0,94,0,5,1,0
0,35,0,48,0,17,0,9,0,0,13,1,0,0,77,0,0,100,50,3,0,0,0,47,0,0,98,0,2,0,0
0,34,0,52,0,14,0,12,0,0,11,2,0,0,75,0,0,100,46,1,0,0,0,53,0,0,95,0,5,0,0
42,0,2,0,2,54,0,0,30,15,55,0,0,0,0,0,17,83,5,0,0,0,2,42,49,2,23,50,3,24,0
21,0,21,0,14,44,0,0,17,30,53,0,0,0,0,0,7,93,2,0,0,0,22,41,28,7,12,65,1,22,0
0,2,36,4,44,14,0,0,1,28,65,0,0,0,5,1,15,85,1,1,0,0,55,10,10,23,9,54,0,37,0
9,32,0,40,0,19,0,14,3,4,14,3,0,0,62,0,2,98,38,2,0,0,0,56,4,0,83,13,2,2,0
0,2,45,3,40,10,1,0,0,18,81,0,0,0,0,0,7,93,1,2,0,0,67,3,3,24,1,65,0,34,0
18,1,34,0,18,29,0,0,19,29,51,0,0,0,0,1,11,89,4,0,0,1,29,32,17,17,11,61,2,26,0
10,0,60,0,19,11,1,0,1,20,78,0,0,0,0,0,9,91,1,0,0,2,52,8,7,30,1,56,0,43,0
0,12,39,16,22,11,1,2,0,13,45,1,0,0,38,0,4,96,21,2,0,1,34,22,2,18,38,42,0,20,0
2,27,0,56,0,15,0,5,2,2,21,3,0,0,67,0,2,98,45,2,0,0,0,48,5,0,93,5,2,0,0
0,0,49,0,36,15,2,0,0,21,76,0,0,0,0,1,10,90,0,0,0,0,60,5,2,33,1,67,0,32,0
0,38,3,44,0,15,0,11,2,2,14,3,0,0,68,0,1,99,47,1,0,0,3,49,0,0,98,1,1,0,0
0,10,50,5,27,8,1,0,0,17,67,1,0,0,14,0,14,86,6,0,0,2,58,11,2,21,15,47,0,38,0
20,21,0,25,0,34,0,4,13,13,24,0,0,0,46,0,7,93,26,0,0,0,0,49,25,0,68,26,1,5,0
0,40,0,44,0,16,0,14,1,0,10,2,0,0,73,0,0,100,48,2,0,0,0,50,0,0,99,0,1,0,0
31,2,0,2,0,65,0,1,23,27,44,0,0,0,5,0,15,85,3,0,0,0,0,47,50,0,30,50,3,17,0
0,7,37,15,31,10,0,5,0,14,63,1,0,0,17,0,8,92,11,0,0,0,47,19,2,21,19,57,1,23,0
0,0,49,0,45,6,2,0,0,23,74,0,0,0,0,1,8,92,0,0,0,1,70,2,2,25,1,63,0,36,0
4,1,46,0,41,8,1,0,2,19,77,0,0,0,1,0,13,87,1,0,0,1,57,8,2,31,3,73,0,24,0
0,0,50,1,35,14,0,0,0,27,72,0,0,0,0,1,13,87,1,0,0,2,70,3,0,24,1,62,0,36,1
9,5,38,3,30,15,0,0,0,18,75,0,0,0,6,1,10,90,3,0,0,0,54,18,8,17,9,59,1,31,0
0,1,51,0,36,12,0,0,0,23,76,0,0,0,0,1,6,94,0,1,0,1,66,1,3,28,0,58,0,42,0
4,0,52,0,29,15,1,0,4,29,66,0,0,0,0,0,12,88,0,0,0,0,48,12,8,32,3,61,0,36,0
41,0,0,0,0,59,0,0,29,25,46,0,0,0,0,0,22,78,2,0,0,0,0,53,45,0,24,54,3,19,0
10,1,44,0,24,21,0,0,10,19,71,0,0,0,0,0,9,91,0,0,0,1,50,14,17,18,3,61,2,34,0
5,28,14,31,5,17,1,12,4,10,25,2,0,0,46,0,5,95,33,1,0,0,16,34,3,13,65,20,1,14,0
0,31,0,55,0,14,0,13,1,0,7,1,0,0,78,0,0,100,42,1,0,0,0,57,0,0,98,0,2,0,0
34,0,11,0,3,52,0,0,21,30,49,0,0,0,0,0,16,84,5,0,0,0,12,39,36,8,17,60,5,18,0
0,9,45,10,27,9,1,1,0,16,61,0,0,0,20,1,4,96,7,0,0,3,62,11,2,15,18,53,1,28,0
39,1,8,0,2,50,0,0,23,27,50,0,0,0,0,0,16,84,4,0,0,0,5,47,41,3,13,68,4,15,0
0,1,44,0,43,12,1,0,0,22,76,0,0,0,1,0,11,89,0,0,0,0,69,2,1,28,0,54,0,46,0
0,0,54,0,37,9,2,0,0,21,77,0,0,0,0,0,8,92,0,0,0,0,79,3,0,18,0,58,0,42,0
0,3,53,5,31,8,0,0,0,13,74,1,0,0,11,1,7,93,3,3,0,0,66,3,0,25,4,64,1,31,0
11,24,0,33,1,31,0,10,7,15,24,1,0,0,43,0,6,94,37,0,0,0,1,51,11,0,69,22,1,8,0
0,0,58,0,32,10,0,0,0,17,82,0,0,0,1,0,12,88,2,2,0,1,70,2,1,22,5,59,0,36,0
11,14,3,31,5,36,0,4,13,14,29,2,0,0,38,0,6,94,25,2,0,0,6,39,27,1,52,37,0,11,0
43,3,1,2,1,50,0,0,27,28,43,0,0,0,2,0,16,84,10,0,0,0,0,50,40,0,25,57,2,16,0
0,2,54,1,31,12,3,1,0,7,86,0,0,0,3,0,9,91,1,0,0,2,71,4,0,22,4,64,0,32,0
2,1,56,0,32,9,1,0,1,28,69,0,0,0,0,1,15,85,0,1,0,0,62,6,7,24,0,71,0,29,0
0,31,0,54,0,15,0,10,1,1,9,0,0,0,79,0,0,100,50,6,0,0,0,43,1,0,97,1,2,0,0
0,2,53,3,37,5,1,0,0,22,71,1,0,0,5,0,9,91,2,5,0,1,62,9,0,21,11,66,0,23,0
0,30,0,55,0,15,0,8,2,0,9,6,0,1,74,0,0,100,47,4,0,0,0,49,0,0,99,0,1,0,0
0,0,62,0,30,8,0,0,0,20,80,0,0,0,0,0,14,86,0,0,0,1,62,5,3,29,0,64,0,36,0
35,1,3,0,2,59,0,0,23,28,49,0,0,0,0,0,18,82,2,0,0,0,2,55,40,1,13,62,5,20,0
50,0,0,0,0,50,0,0,41,25,34,0,0,0,0,0,16,84,5,0,0,0,0,48,46,1,29,51,2,17,1
0,5,51,5,31,8,0,2,0,18,75,1,0,0,3,1,8,92,2,0,0,0,63,8,2,25,5,61,0,32,2
33,0,4,0,1,62,0,0,30,24,46,0,0,0,0,0,16,84,2,0,0,0,0,45,51,2,23,57,3,17,0
0,0,53,0,34,13,2,0,0,14,83,0,0,0,0,1,12,88,0,0,0,1,65,2,2,30,0,64,0,36,0
39,0,0,0,0,61,0,0,31,30,38,0,1,0,0,0,11,89,4,0,0,0,0,50,45,1,21,66,1,11,1
41,0,0,1,0,58,0,0,28,28,44,0,0,0,0,0,14,86,6,0,0,0,0,55,38,1,35,52,3,10,0
0,0,48,0,37,15,0,0,0,25,71,0,0,0,1,3,10,90,0,2,0,1,63,3,0,31,0,58,0,42,0
37,0,0,0,0,63,0,0,29,27,44,0,0,0,0,0,17,83,2,0,0,0,0,47,51,0,18,61,1,20,0
37,0,0,6,0,57,0,3,24,24,38,0,0,0,11,0,8,92,8,1,0,0,0,48,42,1,28,54,2,16,0
1,31,3,41,4,20,0,10,0,3,20,2,0,1,64,0,1,99,44,1,0,0,8,41,0,6,87,4,6,3,0
0,0,56,8,28,8,1,1,0,20,75,0,0,0,2,1,11,89,3,1,0,0,56,5,2,33,3,53,0,44,0
9,24,0,47,0,20,0,8,1,4,13,1,0,0,73,0,3,97,43,0,0,0,0,53,4,0,89,7,2,2,0
0,2,44,0,43,11,0,0,0,19,79,0,0,0,2,0,4,96,0,3,0,0,63,6,0,28,2,61,0,37,0
4,28,0,52,0,16,0,10,2,1,12,2,0,0,73,0,1,99,48,2,0,0,0,47,3,0,91,5,2,2,0
3,2,44,4,27,20,0,0,1,10,76,2,0,0,9,2,11,89,4,1,0,2,56,11,7,19,13,56,0,31,0
41,1,0,3,0,55,0,0,26,25,45,0,0,0,4,0,13,87,5,0,0,0,0,45,50,0,21,57,1,21,0
45,0,0,0,0,55,0,0,30,31,39,0,0,0,0,0,15,85,7,0,0,0,0,41,51,1,19,58,1,22,0
0,34,4,49,0,13,1,11,0,1,10,3,0,0,74,0,1,99,50,2,0,0,4,43,0,1,92,2,2,4,0
0,33,0,51,0,16,0,5,0,0,8,3,0,0,84,0,0,100,44,1,0,0,0,55,0,0,98,0,2,0,0
45,0,0,0,0,55,0,0,34,28,37,0,0,1,0,0,15,85,2,0,0,0,0,42,55,1,21,55,3,21,0
38,0,0,0,0,62,0,0,28,21,51,0,0,0,0,0,16,84,5,0,0,0,0,47,48,0,28,58,3,11,0
2,29,0,49,0,20,0,10,1,0,7,3,0,1,78,0,0,100,42,1,0,0,1,55,1,0,96,0,4,0,0
40,0,18,0,4,38,0,0,23,28,49,0,0,0,0,0,16,84,2,0,0,0,10,48,36,4,22,64,0,14,0
0,1,51,0,38,10,0,0,0,15,85,0,0,0,0,0,18,82,0,0,0,0,64,3,1,32,0,60,0,40,0
1,0,50,0,37,12,1,0,0,20,79,0,0,0,0,0,7,93,1,0,0,3,69,2,2,23,0,55,0,45,0
4,1,53,2,23,17,2,0,5,24,68,0,0,0,1,0,12,88,1,1,0,1,56,13,4,24,4,65,0,31,0
40,5,0,6,0,49,0,1,24,28,32,0,0,0,15,0,11,89,9,1,0,0,0,50,40,0,28,56,2,14,0
0,32,0,56,0,12,0,12,0,0,7,2,0,0,79,0,0,100,39,1,0,0,1,59,0,0,98,0,2,0,0
1,22,16,36,15,10,0,9,0,8,27,0,0,0,54,2,2,98,31,2,0,0,27,31,0,9,62,23,2,13,0
12,12,11,19,6,40,0,2,12,15,40,2,0,0,29,0,10,90,16,0,0,0,7,42,25,10,54,34,0,12,0
0,0,56,0,33,11,0,0,0,21,79,0,0,0,0,0,9,91,0,1,0,1,70,5,1,22,0,65,0,35,0
0,35,0,52,0,13,0,9,0,0,7,0,0,0,84,0,0,100,46,2,0,0,0,52,0,0,95,0,5,0,0
0,1,49,0,39,11,1,0,0,16,83,0,0,0,0,0,15,85,0,1,0,0,68,2,3,26,0,61,0,39,0
0,5,53,6,31,5,0,2,1,23,67,0,0,0,7,0,9,91,3,1,0,0,68,8,1,19,16,52,0,32,0
42,0,11,0,8,39,0,0,24,22,54,0,0,0,0,0,21,79,4,0,0,1,15,33,37,10,15,60,1,24,0
0,1,50,0,43,6,1,0,0,18,80,0,0,0,0,1,10,90,0,0,0,0,63,6,3,28,0,53,0,47,0
0,0,41,0,42,17,1,0,3,28,68,0,0,0,0,0,11,89,1,0,0,0,69,4,6,20,2,56,0,42,0
0,0,59,0,24,17,2,0,0,14,84,0,0,0,0,0,14,86,0,0,0,0,72,6,1,21,0,55,0,45,0
0,37,0,48,0,15,0,16,0,0,8,2,0,0,74,0,0,100,45,3,0,0,0,51,1,0,100,0,0,0,0
0,34,0,53,0,13,0,14,2,0,15,2,0,0,67,0,1,99,46,2,0,0,0,52,0,0,97,0,2,1,0
43,0,3,0,1,53,0,0,30,27,43,0,0,0,0,0,19,81,5,0,0,0,1,54,38,2,31,57,0,12,0
10,0,44,0,26,20,1,0,4,22,73,0,0,0,0,0,7,93,0,1,0,1,62,7,7,22,4,65,1,30,0
0,2,54,0,34,10,2,0,0,19,79,0,0,0,0,0,12,88,0,1,0,1,65,3,1,29,0,63,0,37,0
33,6,0,7,0,54,0,4,20,23,34,0,0,0,19,0,11,89,15,0,0,0,0,40,44,1,41,48,2,9,0
0,11,33,25,23,8,2,3,0,15,52,1,0,0,27,0,5,95,13,2,0,0,44,18,5,18,22,53,0,25,0
0,33,0,55,0,12,0,5,0,0,14,6,0,0,75,0,0,100,45,4,0,0,0,51,0,0,98,0,2,0,0
26,6,3,3,2,60,0,0,30,34,35,0,0,0,1,0,16,84,10,0,0,0,1,40,46,3,27,51,2,20,0
0,33,0,54,0,13,0,11,1,0,5,3,0,0,80,0,0,100,40,3,0,0,0,57,0,0,99,0,1,0,0
0,1,51,0,37,11,1,0,0,19,80,0,0,0,0,0,15,85,0,2,0,0,67,2,4,25,0,56,0,43,1
30,8,3,12,1,46,0,2,30,20,36,0,0,0,12,0,10,90,15,0,0,0,2,54,26,3,34,50,4,12,0
3,39,0,43,0,15,0,8,1,0,9,3,0,0,79,0,0,100,59,3,0,0,0,38,0,0,96,0,4,0,0
0,15,25,21,28,11,0,1,0,13,48,2,0,0,36,0,5,95,19,2,0,0,39,22,0,18,35,42,0,23,0
0,0,54,0,30,16,1,0,0,25,74,0,0,0,0,0,13,87,0,1,0,2,62,5,2,28,0,62,0,38,0
0,35,1,51,0,13,0,5,0,3,8,0,0,1,83,0,0,100,49,0,0,0,1,46,1,3,96,3,1,0,0
15,12,0,36,0,37,0,5,13,12,25,1,0,0,44,0,15,85,24,2,0,0,0,48,25,1,66,20,5,9,0
43,0,0,0,0,57,0,0,23,37,40,0,0,0,0,0,16,84,2,0,0,0,0,51,47,0,14,63,2,20,1
0,33,0,50,0,17,0,10,0,0,12,2,0,0,76,0,0,100,45,2,0,0,0,53,0,0,98,0,2,0,0
0,0,46,0,41,13,2,0,0,18,79,0,0,0,0,1,11,89,0,2,0,1,60,5,1,31,0,71,0,29,0
35,0,0,3,1,61,0,0,27,20,51,0,0,0,2,0,18,82,5,0,0,0,2,49,44,0,21,59,7,13,0
0,0,55,0,35,10,2,0,0,25,73,0,0,0,0,0,12,88,0,0,0,0,70,1,0,29,0,63,0,37,0
43,1,0,0,0,56,0,0,28,29,43,0,0,0,0,0,20,80,5,0,0,0,0,46,48,1,16,64,2,18,0
39,0,4,0,5,52,0,0,23,32,45,0,0,0,0,0,12,88,5,0,0,0,11,39,39,6,16,62,6,16,0
2,38,0,48,0,12,0,9,0,0,9,2,0,0,80,0,1,99,44,1,0,0,0,55,0,0,94,3,2,1,0
1,16,21,37,13,12,0,4,0,4,39,2,0,0,50,1,2,98,29,2,0,0,24,31,0,14,56,29,4,11,0
36,0,0,0,0,64,0,0,28,28,43,1,0,0,0,0,20,80,5,0,0,0,0,42,53,0,23,54,5,18,0
0,1,54,1,31,13,0,0,0,27,71,0,0,0,1,1,9,91,2,2,0,2,66,2,1,25,2,61,0,37,0
11,0,41,1,29,18,1,0,4,17,78,0,0,0,0,0,10,90,0,1,0,2,47,12,11,27,3,57,0,40,0
0,33,0,55,0,12,0,11,2,0,7,2,0,0,78,0,0,100,45,5,0,0,0,49,1,0,95,0,5,0,0
0,30,2,48,4,16,0,8,0,1,13,3,0,0,75,0,0,100,46,1,0,0,4,48,0,1,93,2,3,2,0
0,0,47,0,45,8,0,0,0,15,84,0,0,0,0,1,13,87,0,1,0,1,68,4,2,24,0,64,0,36,0
45,1,0,0,0,54,0,0,29,34,36,0,1,0,0,0,17,83,6,0,0,0,0,50,44,0,26,58,1,15,0
32,0,1,0,0,67,0,0,34,31,35,0,0,0,0,0,11,89,3,0,0,0,0,49,48,0,28,58,3,11,0
0,32,0,51,0,17,0,11,1,0,10,3,0,0,75,0,0,100,53,0,0,0,0,47,0,0,96,1,3,0,0
21,2,25,0,16,36,0,0,16,22,62,0,0,0,0,0,17,83,2,1,0,1,31,30,27,8,15,58,2,24,1
29,0,3,0,3,65,0,0,20,27,53,0,0,0,0,0,17,83,4,0,0,0,2,44,49,1,18,57,2,23,0
38,0,0,0,0,62,0,0,27,31,41,0,1,0,0,0,11,89,4,0,0,0,0,55,40,1,20,53,2,25,0
0,33,0,54,1,12,0,7,1,0,11,4,0,0,77,0,0,100,48,2,0,0,0,50,0,0,99,0,1,0,0
36,0,0,0,0,64,0,0,23,31,46,0,0,0,0,0,15,85,7,0,0,0,0,43,50,0,19,51,2,28,0
7,24,10,21,11,27,0,5,3,9,42,2,0,0,39,0,8,92,28,1,0,0,18,31,14,8,50,38,2,10,0
0,41,0,47,0,12,0,10,0,0,5,5,0,0,80,0,0,100,43,1,0,0,0,56,0,0,99,0,1,0,0
40,0,0,0,0,60,0,0,32,25,43,0,0,0,0,0,20,80,3,0,0,0,0,49,48,0,19,63,0,18,0
33,6,1,12,0,48,0,2,23,31,29,1,0,0,14,0,11,89,13,1,0,0,0,51,35,0,32,43,1,24,0
1,36,0,51,0,12,0,8,0,1,12,2,0,0,77,0,0,100,46,3,0,0,0,50,1,0,96,1,3,0,0
28,0,0,0,0,72,0,0,25,29,46,0,0,0,0,0,19,81,7,0,0,0,0,42,50,1,20,62,4,14,0
1,34,1,52,1,11,0,8,0,1,12,2,0,0,77,0,1,99,43,4,0,0,0,53,0,0,97,1,1,1,0
0,37,4,44,1,14,0,11,0,0,20,5,0,1,63,0,0,100,49,7,0,0,3,39,0,2,94,4,1,1,0
48,0,0,0,0,52,0,0,25,34,41,0,0,0,0,0,18,82,3,0,0,0,0,50,46,1,21,61,4,13,1
0,0,57,0,36,7,1,0,0,21,77,0,0,0,0,1,14,86,0,0,0,1,75,1,2,21,0,58,0,42,0
1,29,10,41,3,16,0,9,0,3,21,2,0,0,65,0,1,99,44,2,0,0,7,42,1,4,83,9,3,5,0
0,20,24,26,22,8,0,4,0,5,40,2,0,0,49,0,4,96,27,4,0,0,34,23,1,11,50,29,0,21,0
0,2,46,0,36,16,1,2,0,21,74,0,0,0,1,1,8,92,2,1,0,0,64,1,3,29,2,68,1,29,0
0,41,2,47,1,9,0,11,0,0,15,1,0,1,72,0,0,100,44,4,0,0,5,46,0,1,95,4,0,1,0
8,0,37,0,20,35,0,0,17,23,60,0,0,0,0,0,10,90,1,0,0,0,39,25,24,11,9,56,2,32,1
22,9,4,19,2,44,0,4,16,20,30,0,0,1,29,0,11,89,21,1,0,0,3,52,20,3,46,38,4,12,0
45,0,0,0,0,55,0,0,33,21,46,0,0,0,0,0,24,76,5,0,0,0,0,50,42,3,23,57,3,17,0
0,0,47,0,45,8,1,0,0,26,72,0,0,0,0,1,14,86,0,0,0,0,65,2,1,32,0,68,0,32,0
0,36,0,54,0,10,0,18,0,0,13,0,0,0,69,0,0,100,53,1,0,0,0,46,0,0,99,0,1,0,0
31,0,14,0,16,39,0,0,9,28,62,0,0,0,0,1,23,77,3,1,0,0,27,30,31,8,17,59,3,21,0
5,28,7,40,2,18,0,8,3,6,19,1,1,0,62,0,6,94,39,2,0,0,7,45,6,1,76,17,2,5,0
0,1,56,0,32,11,0,0,0,21,79,0,0,0,0,0,10,90,0,1,0,0,66,3,1,29,0,64,0,36,0
30,0,13,0,8,49,1,0,19,31,49,0,0,0,0,0,12,88,3,0,0,1,15,38,31,12,12,57,2,29,0
2,36,0,44,0,18,0,7,3,5,20,2,0,0,63,0,2,98,43,1,0,0,0,48,8,0,82,8,4,6,0
0,28,0,54,0,18,0,8,0,0,5,5,0,0,82,0,0,100,50,0,0,0,0,50,0,0,97,0,3,0,0
23,22,0,28,0,27,0,7,10,15,17,0,0,0,51,0,6,94,34,3,0,0,0,50,13,0,60,20,4,16,0
0,5,44,0,38,13,0,0,0,24,70,0,0,0,4,2,8,92,3,1,0,1,66,7,1,21,3,58,0,39,0
19,0,34,0,29,18,1,0,11,30,58,0,0,0,0,0,9,91,1,0,0,1,45,24,13,16,7,68,1,24,0
40,0,2,0,2,56,0,0,29,26,44,0,1,0,0,0,15,85,5,1,0,0,2,43,46,3,28,56,1,15,0
0,21,23,38,7,11,0,7,0,13,34,1,0,1,44,0,0,100,34,2,0,0,27,24,0,13,68,20,1,11,0
12,21,2,43,0,22,0,5,10,9,22,1,0,0,53,0,2,98,33,1,0,0,2,52,11,1,76,16,1,7,0
18,25,1,22,1,33,0,10,12,13,18,1,0,0,46,0,9,91,23,0,0,0,0,48,27,2,61,30,2,7,0
0,37,0,52,0,11,0,11,0,0,11,3,0,0,75,0,0,100,46,1,0,0,0,52,1,0,99,0,1,0,0
0,51,0,37,0,12,0,7,0,0,8,1,0,0,84,0,0,100,47,6,0,0,0,46,1,0,97,0,3,0,0
0,11,38,23,21,7,0,8,0,17,46,0,0,0,29,0,7,93,16,5,0,1,27,29,3,19,44,33,1,22,0
0,12,38,17,22,11,0,1,0,15,58,2,0,0,24,0,8,92,17,0,0,2,45,19,1,16,36,41,1,22,0
0,27,14,26,19,14,1,6,0,6,35,0,0,0,51,1,7,93,32,2,0,0,27,31,0,8,54,29,1,16,0
40,0,0,0,0,60,0,0,30,23,47,0,0,0,0,0,16,84,9,0,0,0,0,43,47,1,19,61,3,17,0
0,39,0,48,0,13,0,8,1,2,11,2,0,0,76,0,0,100,50,4,0,0,2,40,2,2,91,3,3,3,0
0,0,54,0,34,12,1,0,0,16,83,0,0,0,0,0,8,92,0,0,0,0,62,3,0,35,0,67,0,32,1
0,29,0,52,0,19,0,14,0,0,11,1,0,1,73,0,0,100,48,3,0,0,0,49,0,0,97,0,3,0,0
0,1,47,2,43,7,2,3,0,17,75,0,0,0,3,0,11,89,3,1,0,3,59,3,0,31,6,51,0,42,1
0,36,0,51,0,13,0,8,1,0,12,3,0,0,76,0,0,100,44,0,0,0,0,56,0,0,96,0,4,0,0
2,0,51,0,31,16,1,0,4,20,75,0,0,0,0,0,13,87,0,2,0,0,55,12,5,26,1,59,0,40,0
26,6,0,5,0,63,0,2,28,18,45,0,0,0,7,0,14,86,8,0,0,0,0,42,50,0,25,53,4,18,0
22,13,0,15,0,50,0,2,17,20,37,0,0,0,24,0,13,87,21,0,0,0,0,43,36,0,42,43,4,11,0
0,42,0,47,0,11,0,14,0,0,11,1,0,0,74,0,0,100,51,2,0,0,0,47,0,0,98,0,2,0,0
6,27,0,44,0,23,0,10,4,8,23,1,0,0,54,0,5,95,37,0,0,0,0,52,11,0,84,12,2,2,0
4,31,7,34,9,15,0,11,3,6,23,1,0,0,56,0,2,98,39,2,0,0,14,37,0,8,75,13,2,10,0
41,0,0,0,0,59,0,0,37,23,40,0,0,0,0,0,17,83,4,0,0,0,0,52,44,0,23,57,2,18,0
0,1,52,0,37,10,0,0,0,19,81,0,0,0,0,0,9,91,0,0,0,0,72,3,2,23,0,62,0,38,0
34,0,0,0,0,66,0,0,24,27,49,0,0,0,0,0,11,89,6,0,0,0,0,51,43,0,14,66,5,15,0
3,31,0,49,0,17,0,14,0,1,9,2,0,0,74,0,0,100,49,3,0,0,0,48,0,0,99,0,1,0,0
33,1,8,0,4,54,0,0,19,30,51,0,0,0,0,0,25,75,7,0,0,0,11,34,41,7,18,62,1,19,0
1,0,50,0,35,14,1,0,2,23,73,0,0,0,0,1,12,88,0,2,0,0,72,4,4,18,3,68,0,29,0
40,0,0,0,0,60,0,0,32,27,41,0,0,0,0,0,17,83,2,0,0,0,1,48,47,2,28,53,1,18,0
20,1,25,0,15,39,0,0,18,26,55,0,0,0,1,0,12,88,5,1,0,0,21,34,32,7,17,61,0,22,0
38,0,0,0,0,62,0,0,32,29,39,0,0,0,0,0,19,81,12,0,0,0,0,35,51,2,14,65,1,20,0
40,2,0,0,0,58,0,0,29,25,45,0,0,0,1,0,15,85,4,0,0,0,0,53,41,2,20,58,2,20,0
0,37,0,48,0,15,0,11,1,0,14,1,0,0,73,0,1,99,44,3,0,0,0,53,0,0,96,0,4,0,0
30,12,1,15,0,42,0,0,24,14,46,0,0,0,16,0,11,89,10,1,0,0,0,52,36,1,41,42,0,17,0
42,0,0,0,0,58,0,0,31,27,41,0,1,0,0,0,13,87,7,0,0,0,0,54,38,1,29,52,3,16,0
0,22,17,37,10,14,0,11,2,7,29,3,0,0,47,1,1,99,44,5,0,0,12,31,2,6,75,13,4,8,0
7,21,5,36,4,27,0,9,4,7,30,3,0,0,47,0,2,98,43,0,0,0,8,37,8,4,66,22,5,7,0
36,0,0,0,0,64,0,0,30,23,46,0,1,0,0,0,16,84,4,0,0,0,1,49,43,3,19,62,1,18,0
0,33,6,38,8,15,0,5,0,5,28,1,0,0,61,0,1,99,38,3,0,0,14,39,1,5,81,10,1,8,0
0,34,0,48,0,18,0,15,0,0,9,3,0,0,73,0,0,100,45,2,0,0,0,53,0,0,96,0,4,0,0
0,38,2,45,0,15,0,17,0,1,10,1,0,0,71,0,0,100,44,1,0,0,4,48,1,2,93,3,2,2,0
43,0,11,0,6,40,0,0,15,27,58,0,0,0,0,0,15,85,1,0,0,0,13,39,41,6,18,64,2,16,0
2,22,7,39,12,18,0,7,2,4,27,1,0,0,59,0,3,97,37,4,0,0,17,32,1,9,76,15,2,7,0
12,0,46,0,23,19,0,0,9,17,74,0,0,0,0,0,12,88,0,0,0,0,57,11,10,22,3,58,1,38,0
36,0,5,0,6,53,0,0,21,25,53,0,0,0,1,0,15,85,2,1,0,0,5,49,41,2,25,49,1,25,0
0,34,0,52,0,14,0,14,1,0,7,0,0,0,78,0,0,100,53,0,0,0,0,47,0,0,93,0,7,0,0
22,0,16,0,11,51,0,0,16,26,58,0,0,0,0,0,11,89,2,1,0,1,28,34,23,11,13,58,2,27,0
0,28,0,55,0,17,0,11,1,0,9,1,0,0,78,0,0,100,44,1,0,0,0,55,0,0,97,0,3,0,0
6,0,49,0,25,20,0,0,4,23,73,0,0,0,0,0,5,95,0,3,0,1,61,2,8,25,4,61,0,34,1
0,1,49,0,39,11,3,0,0,10,86,0,0,0,0,1,7,93,0,1,0,0,65,4,0,30,0,64,0,36,0
0,0,47,0,43,10,0,0,0,23,77,0,0,0,0,0,15,85,0,0,0,2,61,2,4,31,0,63,0,37,0
0,35,0,40,0,25,0,7,1,0,10,2,0,0,80,0,0,100,48,5,0,0,0,47,0,0,100,0,0,0,0
37,0,1,0,0,62,0,0,21,41,38,0,0,0,0,0,22,78,4,0,0,0,0,56,40,0,20,59,3,18,0
0,0,54,0,35,11,0,0,0,26,73,0,0,0,0,1,8,92,0,0,0,0,63,5,2,30,0,61,0,39,0
7,2,53,0,25,13,1,0,3,24,71,0,0,0,0,1,6,94,1,0,0,0,65,12,6,16,2,62,0,36,0
36,0,0,0,1,63,0,0,28,22,50,0,0,0,0,0,17,83,3,0,0,0,2,51,42,2,26,53,2,19,0
20,1,24,0,19,36,1,0,9,23,67,0,0,0,0,0,16,84,1,0,0,0,47,20,16,16,9,52,0,39,0
3,34,2,44,0,17,0,5,4,0,13,3,0,1,74,0,2,98,41,2,0,0,0,54,3,0,86,7,6,1,0
1,32,0,48,0,19,0,14,0,0,15,5,0,1,65,0,1,99,50,2,0,0,0,47,1,0,94,3,3,0,0
43,0,1,0,0,56,0,0,18,34,48,0,0,0,0,0,20,80,2,0,0,0,0,49,49,0,29,50,1,20,0
37,0,2,0,0,61,0,0,33,30,37,0,0,0,0,0,20,80,7,0,0,0,0,45,45,3,17,57,2,24,0
31,0,10,0,11,48,0,0,28,22,50,0,0,0,0,0,16,84,3,0,0,0,9,35,45,8,21,57,2,20,0
12,29,1,34,0,24,0,12,5,3,14,5,0,0,61,0,2,98,46,1,0,0,0,46,7,0,86,8,4,2,0
0,0,51,0,34,15,0,0,0,24,76,0,0,0,0,0,11,89,0,1,0,0,66,3,1,29,0,70,0,30,0
37,0,7,1,12,43,0,1,26,24,49,0,0,0,0,0,17,83,7,0,0,0,10,48,33,2,23,54,2,21,0
31,0,11,0,7,51,0,0,22,31,47,0,0,0,0,0,13,87,2,0,0,0,16,44,33,5,12,58,1,29,0
1,32,10,38,5,14,0,10,0,8,22,4,0,0,56,0,5,95,41,2,0,0,9,44,0,4,82,9,2,7,0
7,1,41,0,37,14,0,0,5,19,76,0,0,0,0,0,13,87,2,1,0,0,53,14,11,19,3,55,0,42,0
44,0,0,0,0,56,0,0,22,29,49,0,0,0,0,0,14,86,7,0,0,0,0,50,42,1,28,50,2,20,0
38,0,1,0,1,60,0,0,24,33,42,1,0,0,0,0,15,85,1,0,0,0,1,57,41,0,17,68,4,11,0
0,30,0,52,0,18,0,14,3,0,6,2,0,1,74,0,0,100,46,5,0,0,0,49,0,0,97,0,3,0,0
5,24,14,26,14,17,0,8,6,12,32,4,0,0,38,0,6,94,28,3,0,0,18,37,8,6,56,23,2,19,0
0,8,43,12,28,9,0,0,0,20,70,0,0,0,10,0,14,86,5,3,0,0,58,4,2,28,15,53,0,32,0
0,2,45,0,43,10,3,0,0,16,81,0,0,0,0,0,7,93,0,1,0,1,64,2,2,30,0,63,0,34,3
40,0,1,0,0,59,0,0,26,24,49,0,0,0,1,0,17,83,4,0,0,0,0,47,46,3,23,63,4,10,0
38,0,1,0,0,61,0,0,36,24,39,0,1,0,0,0,18,82,4,0,0,0,0,47,49,0,34,47,4,15,0
7,0,48,0,31,14,0,0,1,21,78,0,0,0,0,0,12,88,1,2,0,2,53,7,9,26,1,62,1,36,0
39,0,3,0,3,55,0,0,26,27,45,0,2,0,0,0,17,83,1,0,0,0,7,37,51,4,25,61,1,13,0
0,0,69,0,22,9,1,1,0,21,76,0,0,0,1,0,8,92,0,2,0,3,64,1,1,29,0,67,0,33,0
2,24,9,38,5,22,0,6,4,3,23,1,0,1,61,1,2,98,38,2,0,0,11,47,1,1,78,16,3,3,0
0,0,50,0,35,15,2,0,0,20,78,0,0,0,0,0,9,91,0,0,0,1,78,1,1,19,0,59,0,41,0
46,0,3,0,0,51,0,0,30,24,45,0,1,0,0,0,14,86,3,0,0,0,1,48,47,1,26,63,3,8,0
13,31,0,36,0,20,0,4,6,8,17,3,0,0,62,0,3,97,36,6,0,0,0,47,11,0,84,9,4,3,0
0,41,0,47,0,12,0,12,0,0,10,1,0,0,77,0,0,100,53,1,0,0,0,45,1,0,98,0,2,0,0
0,0,48,0,38,14,1,0,0,20,79,0,0,0,0,0,12,88,0,1,0,0,65,1,3,30,0,59,0,40,1
41,0,1,1,0,57,0,0,18,32,50,0,0,0,0,0,17,83,4,0,0,0,0,45,51,0,22,62,3,13,0
37,0,0,0,0,63,0,0,32,28,40,0,0,0,0,0,20,80,4,0,0,0,0,51,44,1,18,65,3,14,0
0,0,56,0,35,9,1,0,0,24,75,0,0,0,0,0,12,88,0,0,0,0,70,2,3,25,2,66,0,32,0
2,2,46,0,40,10,0,0,0,15,84,0,0,0,0,1,7,93,0,3,0,1,74,2,1,19,1,59,0,40,0
0,32,0,50,0,18,0,8,1,0,5,3,0,0,83,0,0,100,45,0,0,0,0,53,2,0,95,1,4,0,0
0,26,3,51,3,17,0,12,1,0,9,0,0,0,78,0,0,100,53,2,0,0,1,43,0,1,93,1,3,3,0
33,0,1,0,0,66,0,0,22,30,48,0,0,0,0,0,13,87,5,0,0,1,4,45,44,1,23,51,2,24,0
0,36,0,50,0,14,0,10,0,0,9,3,0,0,78,0,0,100,48,4,0,0,0,48,0,0,100,0,0,0,0
0,34,0,51,0,15,0,11,0,0,12,4,0,0,73,0,0,100,44,2,0,0,0,54,0,0,99,0,1,0,0
0,1,57,2,26,14,0,0,0,18,79,0,0,0,3,0,20,80,1,0,0,3,73,4,1,18,5,67,0,28,0
0,0,49,0,36,15,2,0,0,23,74,0,0,0,0,1,8,92,0,1,0,0,69,0,0,30,0,67,0,33,0
0,1,54,0,37,8,1,0,0,22,77,0,0,0,0,0,15,85,0,1,0,0,61,4,5,29,0,62,0,38,0
0,2,45,0,42,11,0,0,0,32,68,0,0,0,0,0,11,89,0,0,0,1,66,3,1,29,0,63,0,37,0
40,0,0,0,0,60,0,0,34,32,33,0,1,0,0,0,13,87,4,0,0,0,0,49,47,0,28,51,3,18,0
6,31,0,43,0,20,0,11,2,8,14,2,0,0,63,0,1,99,47,1,0,0,0,40,11,1,84,8,4,4,0
0,0,61,0,34,5,0,0,0,27,73,0,0,0,0,0,9,91,0,0,0,1,71,2,1,25,0,63,0,36,1
0,1,63,0,26,10,2,0,0,25,73,0,0,0,0,0,9,91,0,1,0,3,68,5,3,20,0,53,0,47,0
4,31,0,45,0,20,0,10,4,3,12,4,0,0,67,0,2,98,41,1,0,0,0,55,3,0,89,6,4,1,0
43,0,1,0,0,56,0,0,33,22,44,0,1,0,0,0,23,77,4,0,0,0,0,48,46,2,26,53,2,19,0
2,2,56,3,30,7,0,1,0,23,72,0,0,0,4,0,14,86,6,1,0,0,58,4,0,31,3,58,0,39,0
35,0,1,0,0,64,0,0,28,29,43,0,0,0,0,0,18,82,2,0,0,0,0,45,52,1,20,61,3,16,0
42,0,0,0,0,58,0,0,26,33,41,0,0,0,0,0,13,87,6,0,0,0,0,39,54,1,22,56,3,19,0
1,34,0,49,0,16,0,11,1,0,9,2,0,0,77,0,0,100,50,1,0,0,0,49,0,0,95,0,5,0,0
0,1,45,0,43,11,0,0,0,22,78,0,0,0,0,0,15,85,0,0,0,0,66,3,3,28,0,63,0,37,0
0,1,55,0,35,9,1,0,0,23,76,0,0,0,0,0,11,89,0,0,0,1,76,3,1,19,0,63,0,37,0
46,0,2,0,0,52,0,0,24,26,48,0,0,0,2,0,14,86,2,0,0,0,6,44,45,3,16,57,0,27,0
34,0,1,0,0,65,0,0,23,31,46,0,0,0,0,0,21,79,4,0,0,0,0,51,45,0,21,66,1,12,0
46,0,1,0,0,53,0,0,28,26,45,0,0,0,1,0,14,86,6,0,0,0,0,50,43,1,24,50,1,25,0
9,22,0,55,0,14,0,9,8,4,22,2,0,1,54,0,5,95,30,1,0,0,0,58,11,0,81,11,5,3,0
37,0,0,0,0,63,0,0,31,32,37,0,0,0,0,0,20,80,7,0,0,0,0,54,39,0,19,62,1,18,0
0,41,1,39,2,17,0,10,2,0,11,3,0,0,74,0,1,99,43,3,0,0,1,52,0,1,98,1,1,0,0
33,1,0,1,0,65,0,0,27,24,48,0,0,0,1,0,18,82,7,0,0,0,0,43,49,1,31,56,3,10,0
0,0,55,0,36,9,1,0,0,25,74,0,0,0,0,0,7,93,0,0,0,1,64,3,4,28,0,65,0,35,0
2,1,55,0,34,8,0,0,0,16,83,0,0,0,0,1,9,91,0,1,0,0,66,2,2,29,0,59,1,40,0
1,36,1,43,3,16,0,10,0,1,15,2,0,0,72,0,0,100,49,0,0,0,5,43,0,3,94,2,2,2,0
0,44,1,44,0,11,0,6,0,0,14,4,0,0,76,0,1,99,38,3,0,0,0,57,1,1,97,0,3,0,0
0,32,13,39,6,10,0,4,1,4,29,1,0,0,61,0,2,98,26,1,0,0,21,44,1,7,65,18,2,15,0
9,1,38,0,28,24,0,0,6,22,72,0,0,0,0,0,15,85,1,0,0,1,56,7,7,28,5,58,2,35,0
0,3,46,3,41,7,0,0,0,20,78,0,0,0,1,1,10,90,0,0,0,2,71,2,2,23,1,72,0,26,1
1,33,0,48,0,18,0,11,1,0,7,2,0,0,79,0,0,100,46,0,0,0,1,53,0,0,99,0,1,0,0
0,2,40,1,38,19,1,1,0,19,76,0,0,0,3,0,19,81,2,0,0,0,66,2,1,29,9,59,0,32,0
5,27,5,42,1,20,0,4,7,3,18,3,0,1,64,0,2,98,38,0,0,0,0,50,11,1,82,13,2,3,0
37,0,1,1,0,61,0,0,33,23,40,1,0,0,3,0,13,87,4,0,0,0,0,51,45,0,21,64,4,11,0
5,19,1,62,1,12,0,18,4,7,16,1,1,1,52,0,6,94,37,2,0,0,0,59,2,0,80,12,4,4,0
34,0,9,0,6,51,0,0,23,31,46,0,0,0,0,0,17,83,5,0,0,0,5,42,45,3,17,66,0,17,0
39,0,0,0,0,61,0,1,29,27,40,0,0,0,3,0,29,71,9,0,0,0,0,48,43,0,26,57,3,14,0
1,7,45,15,25,7,0,2,0,17,58,0,0,0,23,0,3,97,11,1,0,1,57,8,2,20,30,38,2,30,0
0,34,0,54,0,12,0,11,0,0,9,2,0,0,78,0,0,100,46,3,0,0,0,51,0,0,98,0,2,0,0
5,2,59,0,24,10,1,0,4,20,75,0,0,0,0,0,10,90,0,1,0,0,62,3,3,31,0,69,0,31,0
0,25,0,63,0,12,0,13,0,0,11,1,0,0,75,0,0,100,45,1,0,0,0,54,0,0,98,0,2,0,0
44,1,5,0,7,43,0,0,22,26,52,0,0,0,0,0,18,82,3,0,0,0,6,48,41,2,20,55,5,20,0
1,38,0,40,0,21,0,11,3,0,10,3,0,0,73,0,0,100,37,0,0,0,0,63,0,0,97,0,3,0,0
31,0,1,0,1,67,0,0,27,28,44,0,0,0,1,0,17,83,4,0,0,0,1,54,40,1,24,62,2,12,0
38,0,0,0,0,62,0,0,25,24,51,0,0,0,0,0,19,81,2,0,0,0,0,45,53,0,22,66,1,11,0
27,2,0,3,0,68,0,0,21,25,48,0,0,0,6,0,17,83,9,0,0,0,0,61,29,1,21,63,3,13,0
42,0,0,0,0,58,0,0,21,36,43,0,0,0,0,0,14,86,4,0,0,0,0,40,55,1,12,73,1,14,0
1,0,57,0,34,8,1,0,1,20,78,0,0,0,0,0,12,88,1,1,0,0,66,7,2,23,3,59,0,38,0
1,28,0,55,0,16,0,4,0,0,15,3,0,0,78,0,0,100,43,3,0,0,0,54,0,0,97,0,3,0,0
35,0,1,0,0,64,0,0,32,21,47,0,0,0,0,0,17,83,3,0,0,0,2,48,46,1,18,60,4,18,0
32,0,6,0,2,60,0,0,22,31,47,0,0,0,0,0,11,89,2,0,0,0,2,41,54,1,26,54,4,16,0
38,1,0,4,0,57,0,0,23,32,40,0,0,0,5,0,11,89,7,0,0,0,0,52,40,1,21,58,5,16,0
0,35,0,47,0,18,0,10,0,0,6,4,0,0,80,0,0,100,46,2,0,0,0,52,0,0,96,0,4,0,0
18,23,1,36,0,22,0,9,12,10,24,1,0,0,44,0,4,96,34,3,0,0,0,42,19,2,71,20,4,5,0
0,7,43,4,35,11,0,1,0,20,68,0,0,0,11,0,10,90,8,1,0,0,60,7,3,21,8,53,0,39,0
1,41,0,44,0,14,0,17,0,0,12,3,0,0,68,0,0,100,38,4,0,0,0,58,0,0,96,0,4,0,0
0,26,0,55,0,19,0,12,0,0,9,0,0,0,79,0,0,100,52,1,0,1,0,46,0,0,93,0,7,0,0
1,38,0,47,0,14,0,11,2,0,10,2,0,0,75,0,0,100,60,1,0,0,0,38,0,1,95,3,2,0,0
36,0,0,0,0,64,0,0,23,29,47,0,1,0,0,0,18,82,2,0,0,0,0,53,43,2,19,65,2,14,0
35,0,7,0,7,51,0,0,27,23,50,0,0,0,0,0,16,84,4,0,0,0,2,48,43,3,20,65,5,10,0
39,0,1,0,0,60,0,0,30,37,33,0,0,0,0,0,19,81,5,0,0,0,0,45,50,0,23,65,4,8,0
0,1,59,0,31,9,0,0,0,30,70,0,0,0,0,0,6,94,0,1,0,0,67,2,1,29,0,74,0,26,0
2,31,0,54,0,13,0,10,2,0,10,4,0,0,74,0,0,100,43,1,0,0,0,56,0,0,98,0,2,0,0
29,0,1,0,0,70,0,0,25,29,45,0,1,0,0,0,17,83,5,0,0,0,2,49,44,0,19,63,3,15,0
0,7,40,11,30,12,1,2,0,20,67,0,0,0,10,0,7,93,9,0,0,1,57,16,1,16,24,48,0,27,1
10,28,0,45,0,17,0,8,6,11,16,1,0,0,58,0,4,96,39,1,0,0,0,46,14,0,80,15,3,2,0
12,28,1,35,0,24,0,7,7,8,17,1,1,0,59,0,2,98,31,2,0,0,1,56,10,0,84,13,1,2,0
0,0,54,0,35,11,1,0,0,24,74,0,0,0,0,1,12,88,0,0,0,0,67,3,2,28,0,71,0,29,0
40,0,7,0,6,47,0,0,25,18,57,0,0,0,0,0,16,84,2,0,0,0,6,44,44,4,21,56,2,21,0
43,0,0,0,0,57,0,0,31,32,37,0,0,0,0,0,13,87,5,0,0,0,0,52,43,0,20,52,8,20,0
3,40,3,36,1,17,0,10,0,1,18,2,0,0,69,0,1,99,47,2,0,0,5,42,1,3,85,10,3,2,0
0,0,51,0,41,8,1,0,0,20,79,0,0,0,0,0,10,90,0,0,0,2,71,2,1,24,0,69,0,31,0
0,0,49,0,44,7,1,0,0,17,79,0,0,0,0,3,13,87,0,2,0,1,64,2,1,30,0,64,0,36,0
1,38,0,42,0,19,0,10,1,0,11,4,0,0,74,0,0,100,48,1,0,0,0,51,0,0,98,0,2,0,0
33,8,0,5,0,54,0,0,21,27,40,0,0,0,12,0,14,86,8,0,0,0,0,49,42,1,21,66,2,11,0
5,1,43,0,31,20,0,0,7,21,70,0,0,0,1,1,12,88,2,0,0,0,56,10,6,26,5,57,1,36,1
1,20,11,37,18,13,0,6,0,6,33,3,0,0,52,0,2,98,40,3,0,0,15,38,1,3,63,23,2,12,0
39,0,0,0,0,61,0,0,23,24,51,0,2,0,0,0,17,83,5,0,0,0,0,49,46,0,23,62,3,12,0
0,1,58,0,34,7,1,0,0,21,77,0,0,0,1,0,12,88,0,1,0,0,70,4,3,22,3,67,0,30,0
6,0,43,0,35,16,0,0,2,21,77,0,0,0,0,0,15,85,2,1,0,0,59,8,5,25,2,63,0,34,1
39,7,0,7,0,47,0,3,18,22,41,1,0,0,15,0,14,86,9,0,0,0,0,64,27,0,47,42,2,9,0
17,0,39,0,19,25,0,0,15,24,61,0,0,0,0,0,17,83,2,1,0,0,33,24,27,13,6,66,3,25,0
5,17,9,46,10,13,0,9,4,5,20,3,0,0,59,0,3,97,50,3,0,0,10,32,2,3,82,11,1,6,0
0,3,48,11,29,9,0,1,0,13,64,2,0,0,20,0,6,94,9,1,0,0,52,15,0,23,20,56,0,24,0
6,34,0,46,0,14,0,12,8,4,11,2,0,1,62,0,5,95,38,1,0,0,0,48,12,1,84,10,3,3,0
0,0,51,0,34,15,2,0,0,18,80,0,0,0,0,0,15,85,0,1,0,1,65,2,2,29,0,57,0,43,0
0,46,0,43,0,11,0,11,2,0,10,1,0,0,76,0,0,100,43,3,0,1,0,53,0,0,94,0,6,0,0
33,0,0,0,1,66,0,0,28,26,46,0,0,0,0,0,25,75,5,0,0,0,1,49,45,0,19,58,2,21,0
2,32,0,48,0,18,0,8,1,2,14,3,0,0,72,0,1,99,47,1,0,0,0,49,3,0,92,4,4,0,0
9,24,0,47,0,20,0,13,5,0,14,3,0,0,65,0,5,95,46,1,0,0,0,49,4,0,84,13,1,2,0
4,32,0,43,0,21,0,12,2,1,21,2,0,0,62,0,2,98,45,0,0,0,0,51,4,0,87,8,2,3,0
42,0,0,0,0,58,0,0,28,29,43,0,0,0,0,0,13,87,1,0,0,0,0,49,50,0,17,69,1,13,0
0,1,59,1,35,4,1,0,0,22,74,1,0,0,2,0,6,94,0,0,0,0,77,2,0,21,2,58,1,38,1
11,0,41,0,26,22,0,0,8,21,71,0,0,0,0,0,14,86,1,1,0,0,52,11,17,18,5,65,2,28,0
32,10,3,9,0,46,0,0,26,18,37,1,0,0,18,0,12,88,13,0,0,1,0,40,45,1,41,44,1,14,0
0,5,44,7,36,8,0,0,1,14,74,0,0,0,10,1,14,86,4,1,0,2,63,8,4,18,13,52,0,35,0
1,27,0,55,0,17,0,13,1,0,13,2,0,0,71,0,1,99,45,4,0,0,0,45,6,0,99,1,0,0,0
43,0,0,0,0,57,0,0,33,28,39,0,0,0,0,0,12,88,7,0,0,0,0,48,45,0,16,74,0,10,0
4,0,43,0,30,23,2,0,6,16,75,0,0,0,0,1,13,87,2,0,0,1,61,7,9,20,3,71,0,25,1
18,21,1,30,0,30,0,7,14,15,17,1,0,1,45,0,6,94,27,1,0,0,0,47,24,1,60,31,1,8,0
44,0,0,0,0,56,0,0,25,28,46,0,1,0,0,0,12,88,5,0,0,0,0,54,41,0,19,57,3,21,0
0,0,55,0,34,11,0,0,0,21,78,0,0,0,0,1,13,87,0,0,0,0,71,1,1,27,0,62,0,37,1
0,6,44,9,24,17,0,1,0,18,64,1,0,0,16,0,6,94,11,1,0,0,53,14,3,18,20,51,0,29,0
0,35,0,51,0,14,0,8,5,2,6,5,0,0,74,0,0,100,50,1,0,0,0,49,0,0,93,3,1,3,0
40,0,8,0,4,48,0,1,24,30,44,0,0,0,1,0,15,85,3,0,0,0,3,45,46,3,23,51,3,23,0
39,1,2,1,1,56,0,0,27,29,43,0,0,1,0,0,13,87,2,0,0,0,0,52,45,1,25,61,1,13,0
0,7,53,10,16,14,0,1,0,15,75,0,0,0,8,1,11,89,9,0,0,1,56,11,3,20,18,52,0,30,0
0,36,0,53,0,11,0,19,0,0,8,3,0,0,70,0,0,100,43,4,0,0,0,53,0,0,95,0,5,0,0
1,34,0,53,0,12,0,12,0,1,5,3,0,0,79,0,0,100,54,0,0,0,0,44,2,0,94,4,2,0,0
0,1,52,0,31,16,2,0,0,26,71,1,0,0,0,0,8,92,4,0,0,0,68,5,4,19,2,56,1,41,0
0,0,49,0,42,9,0,0,0,13,86,0,0,0,0,1,9,91,0,0,0,0,58,2,3,37,0,60,0,40,0
0,14,49,13,18,6,1,4,0,18,62,0,0,0,15,0,6,94,10,0,0,0,56,13,2,19,30,39,0,31,0
24,0,19,0,14,43,0,0,18,28,54,0,0,0,0,0,18,82,2,1,0,0,20,38,27,12,17,58,2,23,0
37,0,1,0,0,62,0,0,26,30,43,1,0,0,0,0,21,79,2,0,0,0,1,55,42,0,16,58,2,24,0
43,1,0,0,0,56,0,0,29,34,37,0,0,0,0,0,15,85,2,0,0,0,0,46,52,0,29,46,5,20,0
0,2,55,0,28,15,0,0,0,19,81,0,0,0,0,0,11,89,0,0,0,0,66,6,3,25,0,67,0,33,0
0,0,57,0,35,8,2,0,0,27,71,0,0,0,0,0,10,90,0,0,0,0,66,5,2,27,0,61,0,39,0
28,2,1,4,0,65,0,1,26,26,42,0,0,0,5,0,19,81,6,1,0,0,0,56,37,0,25,58,2,15,0
14,21,0,34,1,30,0,11,6,4,27,2,1,1,48,0,6,94,28,2,0,0,0,48,21,1,71,21,1,7,0
0,1,52,1,32,14,0,0,0,24,76,0,0,0,0,0,5,95,0,1,0,0,69,2,1,27,0,61,0,39,0
13,12,23,21,10,21,1,4,12,17,35,0,0,0,31,0,14,86,19,4,0,0,25,30,11,11,29,40,3,28,0
0,35,0,52,0,13,0,12,0,0,9,2,0,0,77,0,0,100,46,2,0,0,0,52,0,0,99,0,1,0,0
0,34,0,46,2,18,0,15,1,1,13,4,0,0,66,0,0,100,46,0,0,0,5,46,0,3,90,3,5,2,0
35,2,3,5,1,54,0,0,34,21,40,1,0,0,4,0,15,85,9,0,0,0,1,50,39,1,35,44,7,14,0
42,2,3,0,2,51,0,1,26,28,43,0,0,0,1,1,12,88,5,0,0,0,5,49,39,2,18,62,3,17,0
47,0,0,0,0,53,0,0,27,31,42,0,0,0,0,0,13,87,5,0,0,0,0,45,50,0,30,52,3,15,0
23,0,32,0,17,28,0,1,12,28,58,0,0,0,0,1,17,83,3,0,0,0,29,26,30,12,13,65,2,20,0
4,40,0,41,0,15,1,13,3,1,9,4,0,0,69,0,2,98,51,0,0,0,0,46,3,0,94,1,4,1,0
43,0,0,1,0,56,0,1,26,25,47,0,0,0,1,0,13,87,4,1,0,0,0,50,44,1,25,51,3,21,0
1,1,45,2,35,16,0,1,0,24,70,0,0,0,4,1,9,91,2,2,0,2,63,5,1,25,7,60,0,33,0
0,0,45,0,38,17,0,0,0,27,72,0,0,0,0,1,14,86,0,1,0,0,66,3,2,28,0,69,0,31,0
45,0,0,0,0,55,0,0,31,29,40,0,0,0,0,0,18,82,4,0,0,0,0,48,47,1,26,61,2,11,0
0,2,54,0,32,12,0,0,0,26,74,0,0,0,0,0,12,88,0,1,0,1,65,1,3,29,0,66,0,34,0
44,0,0,0,0,56,0,0,25,25,49,0,1,0,0,0,16,84,6,0,0,0,0,56,38,0,25,55,3,16,1
38,0,0,0,0,62,0,0,27,24,49,0,0,0,0,0,21,79,4,0,0,0,0,54,42,0,22,63,3,12,0
40,0,1,0,0,59,0,0,29,31,40,0,0,0,0,0,16,84,6,0,0,0,0,43,49,2,25,57,1,17,0
41,0,0,0,0,59,0,0,25,35,40,0,0,0,0,0,15,85,5,0,0,0,0,45,50,0,23,57,4,16,0
4,30,0,47,0,19,0,7,6,6,12,2,0,0,67,0,5,95,49,1,0,0,0,40,10,0,84,8,3,5,0
55,0,0,0,0,45,0,0,23,27,50,0,0,0,0,0,15,85,5,0,0,0,0,56,38,1,23,58,2,17,0
0,0,59,0,26,15,2,0,0,19,78,0,0,0,1,0,11,89,0,0,0,0,57,4,3,36,7,64,0,29,0
0,1,51,0,37,11,1,0,0,27,71,0,0,0,1,0,8,92,0,0,0,1,62,6,0,31,2,60,0,38,0
42,0,1,0,0,57,0,0,30,21,49,0,0,0,0,0,15,85,5,0,0,0,2,43,48,2,19,60,2,19,0
2,1,49,0,38,10,0,0,2,22,76,0,0,0,0,0,8,92,0,1,0,0,69,5,8,17,0,66,0,34,0
0,1,52,0,36,11,1,0,0,21,76,0,0,0,0,2,14,86,0,0,0,0,73,0,2,25,0,64,0,36,0
0,2,48,2,37,11,0,0,0,25,71,0,0,0,3,1,11,89,0,1,0,0,65,2,1,31,2,52,0,46,0
1,38,0,44,0,17,0,12,1,0,10,1,0,0,76,0,0,100,52,2,0,0,0,46,0,0,94,1,4,1,0
36,1,16,2,7,38,0,0,25,23,44,1,1,0,6,0,11,89,8,0,0,0,13,30,44,5,26,52,2,20,0
1,42,0,41,0,16,0,11,1,0,11,3,0,0,74,0,0,100,52,2,0,0,0,46,0,0,93,0,7,0,0
40,0,0,0,0,60,0,0,30,33,37,0,0,0,0,0,22,78,7,0,0,0,0,48,45,0,31,46,8,15,0
0,1,50,0,37,12,1,0,0,30,69,0,0,0,0,0,14,86,0,0,0,1,63,2,2,32,0,65,0,35,0
0,1,57,0,28,14,1,0,0,24,75,0,0,0,0,0,18,82,0,1,0,2,71,2,3,21,0,56,0,43,1
6,1,49,0,19,25,0,0,4,18,78,0,0,0,0,0,19,81,1,0,0,1,43,14,10,31,2,63,1,34,0
0,35,0,52,0,13,0,11,0,0,9,3,0,0,77,0,0,100,42,5,0,0,0,53,0,0,97,1,2,0,0
0,39,0,46,0,15,0,10,0,0,8,2,0,0,80,0,0,100,47,3,0,0,0,50,0,0,98,0,2,0,0
4,1,44,0,39,12,1,0,1,30,67,0,0,0,0,1,11,89,0,0,0,0,70,4,3,23,1,61,0,38,0
0,0,56,0,31,13,1,0,0,23,76,0,0,0,0,0,13,87,0,0,0,0,74,1,0,25,0,58,0,42,0
15,20,0,29,0,36,0,4,16,12,26,1,0,0,41,0,6,94,32,0,0,0,0,49,19,0,67,23,2,8,0
1,32,0,50,0,17,0,6,0,0,14,2,0,0,78,0,0,100,45,1,0,0,0,54,0,0,97,0,3,0,0
1,34,0,40,1,24,0,10,0,0,11,2,0,0,77,0,0,100,39,3,0,0,1,55,0,2,97,0,2,1,0
11,26,0,30,0,33,0,6,7,11,23,3,0,0,50,0,7,93,34,2,0,0,0,51,13,0,67,22,5,6,0
38,0,0,0,0,62,0,0,30,27,43,0,0,0,0,0,21,79,2,0,0,0,0,56,41,1,33,43,3,21,0
0,30,0,56,0,14,0,9,1,0,8,3,0,0,79,0,0,100,44,3,0,0,0,53,0,0,97,0,2,1,0
4,25,12,35,9,15,0,5,2,7,24,2,0,0,60,0,6,94,33,2,0,1,16,39,2,7,74,20,0,6,0
0,0,50,0,34,16,1,0,0,19,79,0,0,0,0,1,7,93,0,1,0,0,67,2,1,29,0,58,0,41,1
0,33,0,53,0,14,0,12,2,0,12,2,0,0,72,0,1,99,46,0,0,0,0,53,1,0,98,0,2,0,0
26,0,28,0,24,22,0,0,14,26,60,0,0,0,0,0,15,85,4,0,0,0,30,28,22,16,10,62,0,28,0
0,1,55,0,33,11,0,0,0,17,83,0,0,0,0,0,12,88,0,2,0,0,70,0,0,28,0,62,0,38,0
16,0,16,2,15,51,0,1,21,27,48,0,1,0,2,0,19,81,2,0,0,0,23,31,29,15,17,50,2,30,1
0,35,0,46,0,19,0,18,1,0,7,1,0,0,73,0,0,100,48,3,0,0,0,49,0,0,100,0,0,0,0
40,0,1,0,0,59,1,0,33,29,37,0,0,0,0,0,13,87,2,0,0,0,1,48,48,1,22,60,4,14,0
12,0,42,0,25,21,0,0,3,30,66,0,0,0,0,1,15,85,0,0,0,1,50,16,10,23,5,66,1,28,0
1,5,35,11,34,14,0,0,1,19,63,0,0,0,17,0,4,96,8,1,0,2,54,5,3,27,17,56,3,23,1
0,0,60,0,33,7,2,0,0,21,76,0,0,0,0,1,14,86,0,0,0,1,73,1,1,24,1,56,0,43,0
1,34,0,47,0,18,0,8,0,0,12,4,0,0,76,0,0,100,59,0,0,0,0,41,0,0,97,0,3,0,0
0,0,50,0,40,10,1,0,0,22,75,0,0,0,2,0,16,84,1,0,0,0,72,0,0,27,1,68,0,31,0
33,0,0,2,0,65,0,0,24,30,45,0,0,0,1,0,14,86,8,0,0,0,0,41,51,0,25,59,2,14,0
6,30,0,43,0,21,0,11,4,3,11,1,0,0,70,0,1,99,35,2,0,0,0,52,11,0,89,3,6,2,0
0,36,0,50,0,14,0,9,0,0,15,2,0,0,74,0,0,100,50,2,0,0,0,48,0,0,98,0,2,0,0
29,10,0,13,0,48,0,1,19,26,34,0,0,0,20,0,16,84,9,0,0,0,0,43,47,1,34,49,3,14,0
0,1,55,2,33,9,2,0,0,26,70,0,0,0,1,1,10,90,0,0,0,0,75,0,1,24,0,63,0,37,0
0,1,53,0,36,10,0,0,0,12,88,0,0,0,0,0,16,84,0,2,0,1,62,2,3,30,0,66,0,34,0
42,0,0,0,0,58,0,0,31,21,48,0,0,0,0,0,15,85,4,0,0,0,0,51,44,1,22,57,5,16,0
3,34,0,51,0,12,0,10,3,4,12,5,0,0,66,0,1,99,43,2,0,0,0,48,7,0,85,5,8,2,0
0,11,41,13,18,17,1,3,0,13,62,1,0,0,20,0,5,95,14,1,0,0,50,13,1,21,25,46,0,29,0
51,0,0,0,0,49,0,0,30,25,44,0,1,0,0,0,23,77,5,0,0,0,0,49,46,0,19,59,1,21,0
42,0,0,0,0,58,0,0,28,30,42,0,0,0,0,0,17,83,5,0,0,0,0,47,47,1,21,60,2,17,0
0,0,58,0,25,17,2,0,0,22,74,0,0,0,0,2,7,93,0,1,0,0,66,1,1,31,0,72,0,28,0
0,2,51,6,31,10,3,0,0,15,68,0,0,0,14,0,12,88,8,1,0,0,50,13,5,23,19,48,0,33,0
2,19,28,22,21,8,0,2,2,12,50,1,0,0,31,2,6,94,15,1,0,0,42,18,9,15,37,38,1,24,0
0,31,0,54,0,15,0,13,0,0,6,2,0,0,79,0,0,100,59,1,0,0,0,40,0,0,95,0,5,0,0
0,0,43,0,45,12,0,0,0,22,78,0,0,0,0,0,7,93,0,1,0,0,57,2,1,39,0,66,0,34,0
35,10,0,9,0,46,0,3,11,16,36,2,0,0,32,0,12,88,14,1,0,0,0,48,37,0,33,45,5,17,0
43,0,0,0,0,57,0,0,38,30,32,0,0,0,0,0,18,82,8,0,0,0,0,47,43,2,22,57,5,16,0
0,0,51,0,37,12,2,0,0,16,81,0,0,0,0,1,17,83,0,1,0,1,68,3,2,25,0,62,0,38,0
17,13,2,18,1,49,0,4,12,20,33,0,0,0,31,0,13,87,20,0,0,0,2,48,30,0,53,36,2,9,0
1,43,1,46,0,9,0,14,0,1,15,4,0,0,66,0,0,100,47,2,0,2,2,45,1,1,97,3,0,0,0
34,0,0,0,0,66,0,0,29,29,42,0,0,0,0,0,22,78,4,0,0,0,0,44,52,0,23,55,2,20,0
38,0,2,0,6,54,0,0,20,23,57,0,0,0,0,0,16,84,3,0,0,0,12,35,43,7,15,61,3,21,0
1,28,14,29,12,16,0,9,2,8,26,3,0,0,52,0,4,96,33,1,0,0,25,29,3,9,69,17,0,14,0
0,0,55,0,38,7,1,0,0,24,75,0,0,0,0,0,12,88,0,2,0,0,64,5,0,29,0,61,0,39,0
49,0,2,0,0,49,0,0,25,27,48,0,0,0,0,0,17,83,5,0,0,0,0,44,51,0,19,62,3,16,0
35,0,0,0,0,65,0,0,33,28,38,0,1,0,0,0,18,82,0,0,0,0,0,52,48,0,22,59,4,15,0
43,0,0,0,0,57,0,0,24,29,46,0,0,0,1,0,17,83,3,0,0,0,0,42,55,0,26,53,4,17,0
39,0,0,0,2,59,0,0,19,31,50,0,0,0,0,0,16,84,5,0,0,0,1,38,53,3,16,58,2,24,0
1,1,48,0,35,15,1,0,4,24,70,0,0,0,0,1,8,92,1,0,0,0,72,8,2,17,0,58,0,42,0
42,0,0,1,0,57,0,0,29,22,49,0,0,0,0,0,19,81,6,0,0,0,0,46,48,0,18,60,3,19,0
26,1,18,1,5,49,1,0,13,31,55,0,0,0,0,0,14,86,5,0,0,0,19,32,35,9,15,62,1,22,0
0,0,49,0,32,19,1,0,0,23,75,0,0,0,0,1,12,88,0,1,0,0,71,1,2,25,0,67,0,33,0
29,0,0,0,0,71,0,0,30,22,48,0,0,0,0,0,22,78,8,0,0,0,0,48,44,0,19,60,3,18,0
25,1,22,0,16,36,0,0,16,31,53,0,0,0,0,0,11,89,0,0,0,1,31,33,19,16,18,62,2,17,1
42,0,0,0,0,58,0,0,33,22,45,0,0,0,0,0,20,80,4,0,0,0,0,42,53,1,19,57,3,21,0
50,0,0,0,0,50,0,0,25,30,45,0,0,0,0,0,21,79,4,0,0,0,0,50,46,0,20,60,2,18,0
0,41,0,44,0,15,0,8,0,0,9,2,0,0,81,0,0,100,46,1,0,0,0,53,0,0,95,0,5,0,0
33,0,2,1,1,63,0,0,27,31,39,0,0,0,3,0,13,87,8,1,0,0,4,42,44,1,11,66,7,16,0
37,2,0,2,0,59,0,0,25,25,45,0,0,0,5,0,22,78,4,0,0,0,0,47,49,0,26,60,2,12,0
37,0,0,0,0,63,0,0,25,28,47,0,0,0,0,0,13,87,5,0,0,0,0,49,46,0,25,49,3,23,0
41,0,0,0,0,59,0,0,32,19,49,0,0,0,0,0,10,90,5,0,0,0,0,43,52,0,29,59,1,10,1
0,39,0,40,0,21,0,9,0,0,10,2,0,2,77,0,0,100,51,0,0,0,0,49,0,0,95,0,5,0,0
24,1,27,1,12,35,0,0,15,29,55,0,0,0,0,1,17,83,3,0,0,1,27,28,26,15,6,63,5,26,0
34,5,0,5,0,56,0,0,33,28,38,0,0,0,1,0,14,86,6,0,0,0,0,39,53,2,30,51,1,18,0
18,25,0,29,0,28,0,5,10,12,31,2,0,1,39,0,3,97,18,0,0,0,0,58,23,1,61,27,5,7,0
1,41,0,47,0,11,0,13,1,1,9,5,0,0,71,0,0,100,52,2,0,0,0,46,0,0,95,1,4,0,0
41,0,1,0,0,58,0,0,24,30,46,0,0,0,0,0,17,83,0,0,0,0,0,45,55,0,24,55,4,17,0
0,40,0,45,0,15,0,13,1,0,11,1,0,0,74,0,0,100,46,2,0,0,0,51,0,1,96,1,3,0,0
0,34,0,59,0,7,0,14,0,0,6,1,0,0,79,0,0,100,63,0,0,0,0,37,0,0,97,0,3,0,0
2,31,0,51,0,16,0,6,3,1,9,2,0,0,79,0,2,98,43,2,0,0,0,50,5,0,93,2,5,0,0
0,32,0,53,0,15,0,12,0,0,8,2,0,0,78,0,0,100,41,2,0,0,0,57,0,0,95,0,5,0,0
33,0,0,0,0,67,0,1,29,28,42,0,0,0,0,0,13,87,8,0,0,0,0,48,42,2,18,54,2,26,0
1,46,0,36,0,17,0,11,1,0,11,0,0,0,77,0,1,99,55,2,0,0,1,42,0,0,99,0,1,0,0
0,7,42,16,24,11,2,3,0,11,67,0,0,0,16,1,5,95,10,2,0,0,56,11,1,20,26,50,0,24,0
0,35,9,37,6,13,1,8,0,3,18,2,0,0,68,0,2,98,47,0,0,0,15,32,0,6,79,9,3,9,0
38,0,7,0,3,52,0,0,27,25,48,0,0,0,0,0,14,86,4,0,0,0,6,44,43,3,23,57,2,18,0
44,0,0,0,0,56,0,0,28,31,39,0,2,0,0,0,15,85,3,0,0,0,0,47,50,0,25,55,3,17,0
39,0,0,0,0,61,0,0,26,32,42,0,0,0,0,0,14,86,2,0,0,0,0,45,51,2,20,61,4,15,0
15,20,0,36,0,29,0,6,9,7,30,8,0,0,40,0,6,94,29,2,0,0,1,47,20,1,75,15,1,9,0
20,24,0,21,0,35,0,6,8,14,28,1,0,1,42,0,10,90,23,1,0,0,0,42,34,0,58,31,6,5,0
0,9,35,17,25,14,1,2,0,19,58,2,0,0,18,0,6,94,15,1,0,0,44,21,3,16,22,49,2,27,0
31,9,0,17,0,43,0,2,22,24,32,1,0,0,19,0,7,93,16,0,0,0,0,44,39,1,40,40,3,17,0
0,0,52,0,41,7,1,0,0,19,79,0,0,0,0,1,16,84,0,1,0,0,60,4,5,30,0,64,0,36,0
34,0,3,0,1,62,0,0,29,22,48,0,1,0,0,0,16,84,2,0,0,0,3,38,56,1,13,69,2,16,0
0,4,50,0,34,12,0,1,0,13,76,0,0,0,10,0,9,91,3,1,0,1,72,1,1,21,6,61,0,33,0
0,1,58,0,32,9,1,0,0,24,75,0,0,0,0,0,13,87,0,0,0,1,60,3,2,34,0,61,0,39,0
26,1,27,0,16,30,1,0,14,26,59,0,0,0,0,0,15,85,1,0,0,1,39,28,18,13,9,59,0,32,0
0,26,0,55,0,19,0,10,1,0,3,4,0,0,82,0,1,99,51,4,0,0,0,45,0,0,100,0,0,0,0
19,0,35,0,19,27,1,0,12,17,70,0,0,0,0,0,14,86,4,0,0,1,43,17,19,16,13,61,1,25,0
0,0,56,0,36,8,0,0,0,22,76,0,0,0,0,2,11,89,0,1,0,3,60,1,0,35,0,58,0,42,0
0,4,41,15,29,11,0,6,0,14,61,2,0,0,17,0,7,93,10,1,0,0,59,11,2,17,17,43,0,40,0
34,0,0,0,0,66,0,0,21,31,48,0,0,0,0,0,22,78,4,0,0,0,0,51,44,1,18,61,3,18,0
48,0,0,2,1,49,0,0,32,23,38,0,1,0,6,0,12,88,4,0,0,0,5,52,39,0,21,59,2,18,0
0,27,0,63,0,10,0,11,0,0,12,2,0,0,75,0,0,100,49,3,0,0,0,48,0,0,99,0,1,0,0
0,31,0,51,0,18,0,13,1,0,11,3,0,0,72,0,0,100,52,1,0,0,0,47,0,0,95,1,4,0,0
1,0,59,0,33,7,0,0,1,21,78,0,0,0,0,0,11,89,0,2,0,3,68,3,2,22,1,56,0,43,0
0,17,29,14,25,15,2,3,1,15,58,0,0,0,21,0,3,97,14,2,0,0,46,14,0,24,31,44,1,24,0
31,0,12,0,9,48,0,0,23,26,49,0,0,0,2,0,18,82,3,1,0,0,11,34,45,6,14,72,0,14,0
0,0,51,0,39,10,0,0,0,24,76,0,0,0,0,0,9,91,0,0,0,1,76,0,0,23,0,68,0,31,1
0,0,59,0,24,17,0,0,0,22,77,0,0,0,0,1,12,88,0,1,0,2,71,2,3,21,0,67,0,33,0
34,0,0,0,0,66,0,0,34,27,37,0,2,0,0,0,10,90,1,0,0,0,0,51,47,1,19,61,4,16,0
0,39,0,49,0,12,0,12,1,1,11,3,0,0,72,0,1,99,50,4,0,0,0,46,0,0,96,0,4,0,0
0,3,50,3,30,14,1,0,0,21,78,0,0,0,0,0,14,86,6,1,0,0,63,3,1,26,2,65,0,33,0
42,0,0,0,0,58,0,0,27,28,45,0,0,0,0,0,19,81,6,0,0,0,0,50,44,0,21,62,0,17,0
20,16,0,14,0,50,0,4,20,18,34,0,1,0,23,0,12,88,15,1,0,0,0,53,30,1,42,44,1,13,0
29,6,2,4,1,58,0,1,19,28,43,0,0,0,9,0,16,84,9,0,0,0,5,49,36,1,35,45,3,17,0
0,0,49,1,41,9,2,0,0,21,76,0,0,0,0,1,11,89,1,0,0,1,68,2,1,27,0,59,0,40,1
0,34,0,52,0,14,0,14,0,0,8,1,0,0,77,0,0,100,51,1,0,0,0,48,0,0,98,0,2,0,0
25,1,6,5,11,52,0,0,18,18,56,0,0,0,8,0,17,83,6,0,0,0,13,33,39,9,23,57,5,15,0
37,0,14,0,2,47,2,0,19,22,57,0,0,0,0,0,21,79,0,0,0,0,14,36,42,8,15,57,3,25,0
31,11,2,10,2,44,0,2,18,22,34,0,0,0,24,0,7,93,13,0,0,0,4,49,29,5,42,45,0,13,0
0,0,43,1,41,15,0,0,0,16,84,0,0,0,0,0,12,88,0,0,0,0,76,1,0,23,1,62,0,37,0
5,0,51,1,30,13,1,0,5,11,80,1,0,0,1,1,11,89,1,0,0,1,59,11,9,19,5,56,0,39,0
0,23,23,17,21,16,0,3,0,16,37,2,0,0,42,0,3,97,19,0,0,0,39,18,2,22,44,42,2,12,0
0,41,2,46,0,11,0,13,0,0,14,4,0,0,69,0,0,100,50,3,0,0,2,44,0,1,94,1,3,2,0
2,39,0,48,0,11,0,14,0,1,11,2,0,0,72,0,1,99,37,1,0,0,0,61,1,0,96,1,2,1,0
13,1,36,0,19,31,0,0,18,24,58,0,0,0,0,0,28,72,5,0,0,1,34,25,20,15,9,50,0,40,1
38,0,9,0,1,52,0,0,28,18,54,0,0,0,0,0,7,93,4,0,0,0,6,43,43,4,21,49,2,28,0
0,37,0,48,0,15,0,5,0,0,11,1,0,0,83,0,0,100,38,5,0,0,0,57,0,0,97,0,3,0,0
0,0,47,0,42,11,0,0,0,28,72,0,0,0,0,0,15,85,0,1,0,0,63,2,2,32,0,59,0,41,0
0,1,62,0,23,14,0,0,0,15,85,0,0,0,0,0,12,88,0,1,0,1,62,5,2,29,0,59,0,41,0
23,0,30,0,18,29,1,0,9,17,72,0,1,0,0,0,14,86,1,1,0,0,37,14,26,21,4,67,1,28,0
39,0,2,0,1,58,0,0,32,26,42,0,0,0,0,0,14,86,5,0,0,0,2,51,42,0,24,56,1,19,0
8,29,4,36,5,18,0,5,10,8,27,1,0,0,49,0,4,96,34,2,0,0,6,50,5,3,81,15,1,3,0
18,22,0,31,0,29,0,6,10,11,24,1,0,1,47,0,3,97,34,2,0,0,0,50,14,0,72,18,4,6,0
12,17,1,36,0,34,0,8,7,13,14,1,0,0,57,0,2,98,26,2,0,0,2,53,17,0,66,22,3,9,0
0,0,57,0,34,9,0,0,0,22,78,0,0,0,0,0,9,91,0,0,0,1,66,2,1,30,0,59,0,41,0
0,19,29,23,17,12,0,2,1,12,42,0,0,0,43,0,6,94,29,0,0,0,25,32,0,14,47,32,2,19,0
0,2,55,3,28,12,0,1,0,18,75,0,0,0,6,0,11,89,1,1,0,0,63,9,5,21,9,49,0,42,0
0,35,0,49,0,16,0,9,0,0,5,1,0,0,85,0,0,100,47,1,0,0,0,51,1,0,97,0,3,0,0
0,40,0,49,0,11,0,13,0,0,9,4,0,0,74,0,0,100,47,3,0,0,0,50,0,0,98,0,2,0,0
1,26,4,46,3,20,0,11,0,2,17,2,0,0,68,0,0,100,46,3,0,0,4,47,0,0,91,2,5,2,0
0,0,54,0,37,9,0,0,0,23,76,0,0,0,0,1,8,92,0,3,0,3,65,1,2,26,0,58,0,41,1
0,41,0,50,0,9,0,12,0,0,11,1,0,0,76,0,0,100,53,0,0,0,0,47,0,0,94,0,6,0,0
1,7,50,13,19,10,2,4,0,16,61,0,0,0,16,1,7,93,14,1,0,0,54,8,0,23,28,48,2,22,0
0,35,0,52,0,13,0,15,0,0,6,2,0,0,77,0,0,100,52,1,0,0,0,47,0,0,95,2,3,0,0
33,0,1,0,0,66,0,0,24,27,48,0,1,0,0,0,19,81,6,0,0,0,0,44,49,1,21,61,1,17,0
1,21,23,23,12,20,0,1,4,12,43,2,0,0,37,1,8,92,20,0,0,0,24,33,7,16,49,35,2,14,0
35,0,0,0,0,65,0,0,20,43,37,0,0,0,0,0,15,85,10,0,0,0,0,47,42,1,20,55,3,22,0
1,1,48,0,37,13,1,0,0,26,72,0,0,0,0,1,7,93,0,0,0,0,59,1,1,39,0,65,0,33,2
0,34,0,52,0,14,0,12,3,0,7,3,0,1,74,0,0,100,51,5,0,0,0,44,0,0,96,0,3,1,0
23,4,21,8,7,37,0,2,13,14,60,0,0,0,11,0,12,88,5,1,0,0,22,32,32,8,16,57,0,27,0
36,0,11,0,11,42,0,0,17,34,47,0,0,0,2,0,13,87,6,0,0,0,20,32,39,3,12,59,1,27,1
8,25,19,16,8,24,0,4,3,3,55,0,0,0,35,0,7,93,29,0,0,0,20,30,11,10,56,26,1,17,0
0,41,0,47,0,12,0,12,0,0,5,8,0,0,75,0,0,100,48,5,0,0,0,47,0,0,97,0,3,0,0
33,0,0,0,0,67,0,1,30,25,44,0,0,0,0,0,17,83,3,0,0,0,0,49,47,1,20,52,2,26,0
0,32,6,38,12,12,0,10,0,5,16,1,0,0,68,0,0,100,46,2,0,0,8,40,0,4,84,9,1,6,0
0,0,49,0,39,12,0,0,0,19,81,0,0,0,0,0,10,90,0,2,0,1,68,1,2,26,0,68,0,32,0
0,2,54,0,35,9,0,0,0,16,82,0,0,0,2,0,8,92,2,2,0,0,51,1,2,42,1,62,0,37,0
38,0,0,3,0,59,0,0,31,27,40,0,0,0,2,0,11,89,3,0,0,0,0,46,51,0,23,54,2,21,0
7,22,11,34,9,17,0,5,5,12,30,1,0,1,46,0,4,96,30,1,0,0,25,30,3,11,52,30,1,16,1
8,1,41,0,28,22,2,0,6,24,68,0,0,0,0,0,15,85,2,0,0,1,49,10,15,23,6,63,0,31,0
0,1,48,0,38,13,1,0,0,24,75,0,0,0,0,0,8,92,0,0,0,1,61,4,2,32,0,70,0,30,0
15,1,29,0,25,30,0,1,12,25,62,0,0,0,0,0,8,92,1,0,0,0,41,15,19,24,9,64,0,27,0
39,0,2,0,0,59,0,0,27,25,48,0,0,0,0,0,21,79,2,0,0,1,3,45,48,1,25,58,1,16,0
1,40,0,48,0,11,0,9,1,0,10,3,0,0,77,0,0,100,54,2,0,0,0,44,0,0,97,0,3,0,0
33,6,0,11,0,50,0,1,28,22,42,0,0,0,7,0,11,89,11,0,0,0,0,55,34,0,35,49,6,10,0
0,49,1,40,0,10,0,16,0,0,3,1,0,1,79,0,0,100,51,1,0,0,0,47,1,0,95,0,1,4,0
0,28,6,46,3,17,0,12,0,2,18,2,0,0,66,0,1,99,44,1,0,0,3,49,0,3,94,1,2,3,0
1,1,52,0,31,15,1,0,1,18,80,0,0,0,0,0,4,96,0,2,0,1,66,3,1,27,3,61,1,35,0
43,0,0,0,0,57,0,0,34,20,46,0,0,0,0,0,17,83,2,0,0,0,0,54,43,1,11,72,2,15,0
23,0,19,1,11,46,1,0,16,24,57,0,0,0,2,0,10,90,3,1,0,0,10,44,29,13,15,57,4,24,0
0,34,1,50,1,14,0,7,0,0,7,3,0,1,82,0,0,100,41,1,0,0,0,56,0,2,98,1,1,0,0
0,2,49,0,39,10,3,0,1,22,74,0,0,0,0,0,10,90,0,1,0,1,69,3,3,23,0,59,0,41,0
0,47,0,34,0,19,0,10,0,0,11,1,0,0,78,0,0,100,53,3,0,0,0,44,0,0,99,0,1,0,0
40,1,1,0,0,58,0,0,33,28,38,0,1,0,0,0,18,82,7,0,0,0,2,42,48,1,20,58,1,21,0
2,25,8,45,6,14,0,9,0,3,18,2,0,0,68,0,2,98,41,4,0,0,6,44,2,3,83,8,2,7,0
1,30,0,56,0,13,0,14,0,0,8,2,0,0,76,0,0,100,50,1,0,0,0,49,0,0,97,0,3,0,0
0,2,40,5,40,13,1,2,0,18,75,1,0,0,3,0,13,87,3,0,0,0,69,5,0,23,8,56,0,36,0
